frame,dTipX_dMu,dTipY_dMu,dTipZ_dMu,dContactX_dMu,dContactY_dMu,dContactZ_dMu,shapeDerivativeRmsMmPerMu,bothConverged,flagsMinus,flagsPlus
1,-4.95307098766266,4.48018129223088e-14,4.19731687540346,4.98848777792572,-4.15623580913614e-14,-4.36647665065897,0.0445611539229322,1,,
2,-5.23604771695574,2.77234123917269e-14,4.45873183023256,5.28344470487784,-2.58900283544101e-14,-4.60140457337033,0.0497118354367862,1,,
3,-2.90562350700344,-3.48764743316716e-14,2.63347345486132,4.01754049673827,3.25418078091278e-14,-0.553139480685294,0.538151663081261,1,,
4,-5.76891599912036,2.38060862682264e-13,4.9553731773986,5.84642945503981,-2.21462543127744e-13,-5.02530817221496,0.0607055230275613,1,,
5,-6.01706406124755,-2.78654308955592e-15,5.18748557555561,6.11322512815172,2.59026032690936e-15,-5.20969255489021,0.0665827750904401,1,,
6,-6.26174435180999,-3.04000838290674e-14,5.41680202882475,6.37961194713093,2.81756430413238e-14,-5.38229895252069,0.0728695871176363,1,,
7,-3.49509949381788,2.41982806402071e-14,3.24262256097736,4.94413280241526,-2.23696306695115e-14,-0.587421780348851,0.63881557367836,1,,
8,-2.78276033013579,-1.06549482601855e-14,2.72738796618512,4.80743058488201,9.85641471998833e-15,1.0093289806878,0.868949622016747,1,,
9,-2.74657991367845,-8.73719292512348e-14,2.73435863777528,4.9291886551078,8.05550767408568e-14,1.2671715849546,0.91686568737146,1,,
10,-3.89097887132602,-4.45493614022321e-14,3.66968703124123,5.64761519383161,4.09021338704742e-14,-0.495522099580592,0.722752649183596,1,,
11,-3.98341954783471,6.90948175147966e-14,3.76304053881503,5.74723017287236,-6.33895002003435e-14,-0.593530952988486,0.709487735987534,1,,
12,-3.28440415633745,-1.50000471106893e-14,3.26609943278169,5.62814858089838,1.37355028150091e-14,0.931869635833404,0.924664491115024,1,,
