mu,repeat,frame,seconds,geometrySeconds,mechanicsSeconds,diagnosticSeconds,geometryIterations,sqpIterations,qpIterations,totalIVPs,stateIVPs,augmentedIVPs,rhsEvaluations,rejectedTrials,converged,contactErrorN,tipErrorN,totalErrorN,contactFx,contactFy,contactFz,tipFx,tipFy,tipFz,trueContactFx,trueContactFy,trueContactFz,trueTipFx,trueTipFy,trueTipFz,shapeRmsMm,shapeTipErrorMm,fbgRms,arcMm,trueArcMm,penetrationMm,truthPlanePenetrationMm,projectionN,tangency,tipMomentNmm,condition,flags
0.3,1,1,1.1983263,0.7991498,0.3639139,0.0087304,4,3,51,5,2,3,1833,0,1,0.000366648747127415,0.000147855685456035,0.000275834438402945,1.10363424182032,1.23455982999789e-16,-3.67873685885022,1.00012402085611,-1.32017665248159e-16,-1.0000804992607,1.10372743949012,0,-3.67909146496708,1,0,-1,0.00030900358380365,0.00048481568636729,0.02391935506411,160.056060182212,160.055812176822,0,0.000159191617399301,6.70308253347685e-11,5.7928237200065e-06,9.40823868811336e-09,111.750163719187,
0.3,1,2,0.2493968,0.1495528,0.0918947,0.0060547,4,3,57,5,2,3,1839,0,1,0.00195289563670577,0.000908788505577748,0.0012563432441462,1.17094788649296,-1.90771025635594e-15,-3.9033898778508,0.999355542652245,2.04294476202566e-15,-0.99935924164087,1.1704504214823,0,-3.901501404941,1,0,-1,0.00151044005015479,0.00236857186874955,0.116983328999022,159.777223878276,159.776125291716,0,0,4.74376093961837e-11,4.87737429279607e-05,6.20467777157074e-09,110.476377694975,
0.3,1,3,0.2233877,0.1428518,0.0721928,0.0035524,6,3,45,5,2,3,1839,0,1,0.00693136268342378,0.00319276884533728,0.00451942355739176,1.23803356436711,-5.86203507440152e-16,-4.12765320689958,0.997705748754049,6.28426108810782e-16,-0.997779598207484,1.23628389356553,0,-4.1209463118851,1,0,-1,0.00540431916890616,0.00845918086740839,0.417806582999202,159.502041825983,159.499330532655,2.02189541435643e-07,0,3.0438762621543e-11,0.00013309891269505,3.20474924375702e-09,109.208966056452,
0.3,1,4,0.2069308,0.1215826,0.0774633,0.0068278,5,3,49,5,2,3,1851,0,1,0.00189620907955026,0.000943773238935105,0.00113084319948262,1.30173470325375,5.14405007213466e-17,-4.33936017457259,0.999381843400873,-5.53144418973831e-17,-0.999286844795654,1.30125749846719,0,-4.33752499489063,1,0,-1,0.00142822970412364,0.00223371721527321,0.110466461500197,159.227172055467,159.22535334075,0,0,1.0982326159592e-11,7.1916182818945e-05,1.40368339174302e-09,107.881873616446,
0.3,1,5,0.2384009,0.1766505,0.0476639,0.0104118,4,2,36,3,1,2,1119,0,1,0.000698806785961941,0.000262321570045847,0.000613632032897575,1.36522903828994,5.92507231981161e-16,-4.55065484999668,1.00025293688703,-6.38683368012584e-16,-1.00006953802767,1.36539974565946,0,-4.55133248553153,1,0,-1,0.000603433069605375,0.000940305939864411,0.0466515490602264,158.955663087843,158.954121684906,0,0.000387745332631084,1.19380656471435e-07,4.69889315380567e-05,7.42394429809057e-06,106.568204615774,
0.3,1,6,0.1713133,0.1133669,0.0549805,0.0023484,5,3,51,5,2,3,1851,0,1,0.00339317329421653,0.00170852137945611,0.00200230656893969,1.42957810705643,8.25269539158935e-16,-4.76574774530215,0.998894759355932,-8.90475423422614e-16,-0.998697123020866,1.42873806034606,0,-4.76246020115355,1,0,-1,0.0025577830711611,0.00398858914981176,0.197390499965531,158.688580297569,158.685565968012,0,0,3.18589599146435e-12,0.00012003442744884,4.12456291343233e-10,105.294553080193,
0.3,1,7,0.1865693,0.1248441,0.0594754,0.0016746,5,3,53,5,2,3,1851,0,1,0.00532683730853103,0.00264943281563757,0.00319618135020967,1.49260389580679,-5.81721189080686e-16,-4.97616059591786,0.998260070857501,6.28680701889452e-16,-0.998001965760138,1.49129883051658,0,-4.97099610172192,1,0,-1,0.00407690375812846,0.00634763184119941,0.314180365078259,158.423626165355,158.419618935828,0,0,2.18234319504518e-11,0.000164259756045037,2.60547627917163e-09,104.015582364908,
0.3,1,8,0.1480813,0.0982683,0.0475083,0.0017414,4,3,53,5,2,3,1851,0,1,0.000756040107184933,0.000663029519832656,0.000104805659209678,1.55330853807826,1.92943878489531e-16,-5.17775364828045,0.999780482348114,-2.09044079075044e-16,-0.999374364207641,1.55310745209064,0,-5.17702484030214,1,0,-1,0.000273652411185296,0.000429425245350704,0.0230794643381439,158.159460543209,158.156215588647,0,0,6.70157263016335e-11,0.000110563249171805,8.73118155553243e-09,102.71006644765,
0.3,1,9,0.1565551,0.101435,0.0496457,0.004887,4,3,53,5,2,3,1881,0,1,6.63179089980556e-05,0.000487114003541388,0.000438622329362199,1.61422964370378,-2.22665936205207e-16,-5.3806798180348,1.00001525900046,2.41599022781106e-16,-0.999513125051629,1.61418837218343,0,-5.38062790727809,1,0,-1,0.000400670267284785,0.000616962483514087,0.0319459624632974,157.898782918803,157.895293095803,0,9.97613550168808e-05,1.37808875422252e-10,0.000113882321373222,1.81967104995184e-08,101.436854271394,
0.3,1,10,0.1602502,0.1084124,0.0494356,0.0018278,5,3,51,5,2,3,1899,0,1,0.00426507841912911,0.00237960731366315,0.00221350563842751,1.67560132818003,-5.22994741163348e-16,-5.58602106081057,0.998634016448264,5.68176360721945e-16,-0.998051508300345,1.67456513052539,0,-5.58188376841797,1,0,-1,0.00298708241603527,0.0046351012319334,0.23012241415627,157.641927483809,157.636790713073,0,0,2.33684183115201e-10,0.000192953628986839,2.60275723196202e-08,100.203427687744,
0.3,1,11,0.2187355,0.162134,0.0541703,0.0017889,5,3,59,5,2,3,1899,0,1,0.00478153230997214,0.00270525762975493,0.00243632415103983,1.73541599954851,1.04063219191107e-15,-5.78550778583783,0.998471628668214,-1.13348581214695e-15,-0.997767848590368,1.73426039914888,0,-5.78086799716293,1,0,-1,0.0033110022246881,0.00513126213317404,0.25492280553361,157.386426603193,157.380649702718,0,0,3.6317970852906e-10,0.000216356049807155,3.82666666132181e-08,99.1546336710915,
0.3,1,12,0.1878742,0.1379206,0.0473744,0.0020266,4,3,53,5,2,3,1899,0,1,0.000801816223039887,0.00106624465290926,0.000281913548014043,1.79353918509211,-1.87393731318789e-16,-5.97841745637436,0.999785700003648,2.04157197921306e-16,-0.99895551296254,1.79329602038525,0,-5.97765340128416,1,0,-1,0.000202667818642793,0.000306411479700673,0.0213262174000197,157.131907386985,157.12681325616,0,0,5.46329204098583e-10,0.000169021759404137,6.84740052436794e-08,98.1859456952652,
0,1,1,0.2498578,0.1290794,0.1114932,0.0058926,4,4,67,7,3,4,2559,0,1,1.62893887718302,1.52808808023741,0.165915040088358,8.15768107738998e-06,-1.75079875274674e-20,-2.48107409757995,2.12554029557505,-1.53907225775617e-17,-2.03354352786928,1.10372743949012,0,-3.67909146496708,1,0,-1,0.00458050771775854,0.000692534825416846,8.86599345051783,160.056060182212,160.055812176822,0,0.000173212491120012,8.31068547313407e-12,0.000256872020778515,6.26364626832299e-10,108.221496874148,fbg-mismatch
0,1,2,0.159777,0.0959321,0.0614848,0.0018347,4,4,67,7,3,4,2547,0,1,1.73357999581136,1.62736637959053,0.174529465734491,-4.25814608205307e-05,-8.53342875135821e-21,-2.62273413450494,2.19393658793394,-2.09179534663094e-17,-2.10581949585557,1.1704504214823,0,-3.901501404941,1,0,-1,0.00386459360732228,0.00225233802218855,9.62848505703783,159.777223878276,159.776125291716,0,0,2.61608512630573e-11,0.000320386165466095,3.44477335545434e-10,107.200117927958,fbg-mismatch
0,1,3,0.1816241,0.1157574,0.0635373,0.00181,6,4,69,7,3,4,2565,0,1,1.83577797131198,1.72567609913412,0.180794850527687,-0.000161204465085495,-4.38971093407438e-20,-2.76400700612733,2.26120297392135,3.09911785747791e-17,-2.17784763772514,1.23628389356553,0,-4.1209463118851,1,0,-1,0.00388619878376191,0.00829318289604357,10.4213362198769,159.502041825983,159.499330532655,7.99350158494109e-07,0,5.43693978727333e-11,0.000425599878599722,4.89447371521123e-10,106.184750232092,fbg-mismatch
0,1,4,0.1662878,0.1050012,0.0588736,0.0018905,5,4,67,7,3,4,2583,0,1,1.94157898587045,1.82374095123946,0.192905459180129,-4.49189178532418e-05,-2.94089450082824e-20,-2.89657358110821,2.3280636237453,-1.22578179021774e-17,-2.24991122425247,1.30125749846719,0,-4.33752499489063,1,0,-1,0.00493109379761814,0.00203603593879715,11.2165308133472,159.227172055467,159.22535334075,0,0,9.20801213055711e-11,0.000384933118087791,1.38485600764682e-09,105.116759684643,fbg-mismatch
0,1,5,0.1575112,0.0953548,0.0593813,0.0021066,4,4,67,7,3,4,2583,0,1,2.04482919199054,1.92077484422569,0.202583316885594,1.98981778420814e-05,7.95554447215182e-20,-3.02914186129692,2.39381348694867,7.67508966771365e-18,-2.32161263833629,1.36539974565946,0,-4.55133248553153,1,0,-1,0.00693551428630553,0.00119872651277987,12.0421668732281,158.955663087843,158.954121684906,0,0.000372978184515205,1.42885703269258e-10,0.000380792726683474,2.96429902846285e-09,104.062539758212,fbg-mismatch
0,1,6,0.1899495,0.1233953,0.0644121,0.0016175,5,4,65,7,3,4,2571,0,1,2.14353637556396,2.01649838721513,0.207158431316234,-8.90757604526683e-05,1.17717306029612e-19,-3.16458623600751,2.4582009125791,-6.83061301146925e-18,-2.39280861721728,1.42873806034606,0,-4.76246020115355,1,0,-1,0.00545137500385867,0.00371992231200061,12.8945880695888,158.688580297569,158.685565968012,0,0,2.1310375686312e-10,0.000475192975279023,5.66774760457633e-09,103.046221432689,fbg-mismatch
0,1,7,0.1715218,0.106079,0.0631964,0.0016945,5,4,69,7,3,4,2583,0,1,2.24178406809413,2.11138552975337,0.212191763705552,-0.000148504530181299,2.41455310472987e-20,-3.29732329775378,2.52173186562964,1.49213563538354e-18,-2.46365330060751,1.49129883051658,0,-4.97099610172192,1,0,-1,0.00540181394368134,0.00603447824078719,13.7685076144849,158.423626165355,158.419618935828,3.45740121726102e-06,0,2.97560642792405e-10,0.000540766936048846,9.08116604136922e-09,102.028178761033,fbg-mismatch
0,1,8,0.1567189,0.0926298,0.0618949,0.0016686,4,4,67,7,3,4,2583,0,1,2.34165101310339,2.20567437953716,0.220544056933751,-1.06530059755426e-05,1.76842573573173e-20,-3.42455412191931,2.58468805856446,9.14155726193761e-18,-2.53419790952466,1.55310745209064,0,-5.17702484030214,1,0,-1,0.00823006200121987,0.0011122717832047,14.6551529740343,158.159460543209,158.156215588647,0,0,3.92453625153166e-10,0.000508159311264571,1.13870477491673e-08,100.98865595963,fbg-mismatch
0,1,9,0.1593392,0.0933634,0.063009,0.0024476,4,4,67,7,3,4,2625,0,1,2.43805759662847,2.29870002369124,0.225342278890362,1.55700692196023e-05,1.16509811100525e-19,-3.5534522152899,2.64642456249331,2.27643313834014e-16,-2.60415334645315,1.61418837218343,0,-5.38062790727809,1,0,-1,0.00946881421938087,0.00188843412945693,15.5682710435551,157.898782918803,157.895293095803,0,5.7131745023753e-05,4.99607022419468e-10,0.000532910247419304,1.26796191324274e-08,99.9822403620629,fbg-mismatch
0,1,10,0.1736627,0.1058964,0.065483,0.0017452,5,4,69,7,3,4,2643,0,1,2.53047075755633,2.39036434104119,0.22586851870269,-0.00012405924853406,-4.82810183126648e-20,-3.68486021229062,2.70686242871781,2.23961277960036e-17,-2.67345819557969,1.67456513052539,0,-5.58188376841797,1,0,-1,0.00791228673487042,0.00450147766478634,16.5061532491025,157.641927483809,157.636790713073,0,0,6.25481888505419e-10,0.000633824922677266,1.41364437933333e-08,99.0166931017601,fbg-mismatch
0,1,11,0.1719943,0.1087364,0.0608939,0.0017811,5,4,67,7,3,4,2643,0,1,2.62299258384499,2.48116250741136,0.227739588475024,-0.000142905990200862,6.36005954143019e-20,-3.8131446248292,2.76654615319605,-1.74564930112536e-17,-2.74226349236047,1.73426039914888,0,-5.78086799716293,1,0,-1,0.00850252698132119,0.00510063974171355,17.4613117785513,157.386426603193,157.380649702718,0,0,7.65080887532577e-10,0.000678960842270691,1.50812042853943e-08,98.0503831504941,fbg-mismatch
0,1,12,0.1626881,0.0941628,0.066262,0.0016922,4,4,63,7,3,4,2649,0,1,2.71596529135912,2.57111803248322,0.231466135638154,8.42887069800447e-06,2.74766007911932e-20,-3.93790168159193,2.82553602323308,-1.15911599793174e-17,-2.81054305799081,1.79329602038525,0,-5.97765340128416,1,0,-1,0.0117441278742769,0.00328482831883888,18.4319923352718,157.131907386985,157.12681325616,3.84514363066981e-06,0,9.17601550298741e-10,0.000653191406843857,1.52401620212572e-08,97.0805018288181,fbg-mismatch
0.3,2,1,0.1675515,0.1091026,0.055872,0.0020466,4,3,51,5,2,3,1833,0,1,0.000366648747127415,0.000147855685456035,0.000275834438402945,1.10363424182032,1.23455982999789e-16,-3.67873685885022,1.00012402085611,-1.32017665248159e-16,-1.0000804992607,1.10372743949012,0,-3.67909146496708,1,0,-1,0.00030900358380365,0.00048481568636729,0.02391935506411,160.056060182212,160.055812176822,0,0.000159191617399301,6.70308253347685e-11,5.7928237200065e-06,9.40823868811336e-09,111.750163719187,
0.3,2,2,0.1628445,0.1102535,0.0495441,0.0025196,4,3,57,5,2,3,1839,0,1,0.00195289563670577,0.000908788505577748,0.0012563432441462,1.17094788649296,-1.90771025635594e-15,-3.9033898778508,0.999355542652245,2.04294476202566e-15,-0.99935924164087,1.1704504214823,0,-3.901501404941,1,0,-1,0.00151044005015479,0.00236857186874955,0.116983328999022,159.777223878276,159.776125291716,0,0,4.74376093961837e-11,4.87737429279607e-05,6.20467777157074e-09,110.476377694975,
0.3,2,3,0.167588,0.1184078,0.0468929,0.0017331,6,3,45,5,2,3,1839,0,1,0.00693136268342378,0.00319276884533728,0.00451942355739176,1.23803356436711,-5.86203507440152e-16,-4.12765320689958,0.997705748754049,6.28426108810782e-16,-0.997779598207484,1.23628389356553,0,-4.1209463118851,1,0,-1,0.00540431916890616,0.00845918086740839,0.417806582999202,159.502041825983,159.499330532655,2.02189541435643e-07,0,3.0438762621543e-11,0.00013309891269505,3.20474924375702e-09,109.208966056452,
0.3,2,4,0.1505663,0.1042401,0.0440882,0.0016955,5,3,49,5,2,3,1851,0,1,0.00189620907955026,0.000943773238935105,0.00113084319948262,1.30173470325375,5.14405007213466e-17,-4.33936017457259,0.999381843400873,-5.53144418973831e-17,-0.999286844795654,1.30125749846719,0,-4.33752499489063,1,0,-1,0.00142822970412364,0.00223371721527321,0.110466461500197,159.227172055467,159.22535334075,0,0,1.0982326159592e-11,7.1916182818945e-05,1.40368339174302e-09,107.881873616446,
0.3,2,5,0.127913,0.0943851,0.0313136,0.001646,4,2,36,3,1,2,1119,0,1,0.000698806785961941,0.000262321570045847,0.000613632032897575,1.36522903828994,5.92507231981161e-16,-4.55065484999668,1.00025293688703,-6.38683368012584e-16,-1.00006953802767,1.36539974565946,0,-4.55133248553153,1,0,-1,0.000603433069605375,0.000940305939864411,0.0466515490602264,158.955663087843,158.954121684906,0,0.000387745332631084,1.19380656471435e-07,4.69889315380567e-05,7.42394429809057e-06,106.568204615774,
0.3,2,6,0.152524,0.103317,0.0469095,0.0017431,5,3,51,5,2,3,1851,0,1,0.00339317329421653,0.00170852137945611,0.00200230656893969,1.42957810705643,8.25269539158935e-16,-4.76574774530215,0.998894759355932,-8.90475423422614e-16,-0.998697123020866,1.42873806034606,0,-4.76246020115355,1,0,-1,0.0025577830711611,0.00398858914981176,0.197390499965531,158.688580297569,158.685565968012,0,0,3.18589599146435e-12,0.00012003442744884,4.12456291343233e-10,105.294553080193,
0.3,2,7,0.1523673,0.1026228,0.047285,0.0018976,5,3,53,5,2,3,1851,0,1,0.00532683730853103,0.00264943281563757,0.00319618135020967,1.49260389580679,-5.81721189080686e-16,-4.97616059591786,0.998260070857501,6.28680701889452e-16,-0.998001965760138,1.49129883051658,0,-4.97099610172192,1,0,-1,0.00407690375812846,0.00634763184119941,0.314180365078259,158.423626165355,158.419618935828,0,0,2.18234319504518e-11,0.000164259756045037,2.60547627917163e-09,104.015582364908,
0.3,2,8,0.1460073,0.0940399,0.0497988,0.0016396,4,3,53,5,2,3,1851,0,1,0.000756040107184933,0.000663029519832656,0.000104805659209678,1.55330853807826,1.92943878489531e-16,-5.17775364828045,0.999780482348114,-2.09044079075044e-16,-0.999374364207641,1.55310745209064,0,-5.17702484030214,1,0,-1,0.000273652411185296,0.000429425245350704,0.0230794643381439,158.159460543209,158.156215588647,0,0,6.70157263016335e-11,0.000110563249171805,8.73118155553243e-09,102.71006644765,
0.3,2,9,0.1405782,0.091904,0.0459534,0.0022042,4,3,53,5,2,3,1881,0,1,6.63179089980556e-05,0.000487114003541388,0.000438622329362199,1.61422964370378,-2.22665936205207e-16,-5.3806798180348,1.00001525900046,2.41599022781106e-16,-0.999513125051629,1.61418837218343,0,-5.38062790727809,1,0,-1,0.000400670267284785,0.000616962483514087,0.0319459624632974,157.898782918803,157.895293095803,0,9.97613550168808e-05,1.37808875422252e-10,0.000113882321373222,1.81967104995184e-08,101.436854271394,
0.3,2,10,0.1501913,0.1018181,0.0461611,0.0016814,5,3,51,5,2,3,1899,0,1,0.00426507841912911,0.00237960731366315,0.00221350563842751,1.67560132818003,-5.22994741163348e-16,-5.58602106081057,0.998634016448264,5.68176360721945e-16,-0.998051508300345,1.67456513052539,0,-5.58188376841797,1,0,-1,0.00298708241603527,0.0046351012319334,0.23012241415627,157.641927483809,157.636790713073,0,0,2.33684183115201e-10,0.000192953628986839,2.60275723196202e-08,100.203427687744,
0.3,2,11,0.1556672,0.1057044,0.0478986,0.0015512,5,3,59,5,2,3,1899,0,1,0.00478153230997214,0.00270525762975493,0.00243632415103983,1.73541599954851,1.04063219191107e-15,-5.78550778583783,0.998471628668214,-1.13348581214695e-15,-0.997767848590368,1.73426039914888,0,-5.78086799716293,1,0,-1,0.0033110022246881,0.00513126213317404,0.25492280553361,157.386426603193,157.380649702718,0,0,3.6317970852906e-10,0.000216356049807155,3.82666666132181e-08,99.1546336710915,
0.3,2,12,0.14965,0.1040083,0.0434951,0.0016289,4,3,53,5,2,3,1899,0,1,0.000801816223039887,0.00106624465290926,0.000281913548014043,1.79353918509211,-1.87393731318789e-16,-5.97841745637436,0.999785700003648,2.04157197921306e-16,-0.99895551296254,1.79329602038525,0,-5.97765340128416,1,0,-1,0.000202667818642793,0.000306411479700673,0.0213262174000197,157.131907386985,157.12681325616,0,0,5.46329204098583e-10,0.000169021759404137,6.84740052436794e-08,98.1859456952652,
0,2,1,0.1585184,0.1001129,0.0562522,0.0016238,4,4,67,7,3,4,2559,0,1,1.62893887718302,1.52808808023741,0.165915040088358,8.15768107738998e-06,-1.75079875274674e-20,-2.48107409757995,2.12554029557505,-1.53907225775617e-17,-2.03354352786928,1.10372743949012,0,-3.67909146496708,1,0,-1,0.00458050771775854,0.000692534825416846,8.86599345051783,160.056060182212,160.055812176822,0,0.000173212491120012,8.31068547313407e-12,0.000256872020778515,6.26364626832299e-10,108.221496874148,fbg-mismatch
0,2,2,0.1583526,0.0968992,0.0592003,0.0017239,4,4,67,7,3,4,2547,0,1,1.73357999581136,1.62736637959053,0.174529465734491,-4.25814608205307e-05,-8.53342875135821e-21,-2.62273413450494,2.19393658793394,-2.09179534663094e-17,-2.10581949585557,1.1704504214823,0,-3.901501404941,1,0,-1,0.00386459360732228,0.00225233802218855,9.62848505703783,159.777223878276,159.776125291716,0,0,2.61608512630573e-11,0.000320386165466095,3.44477335545434e-10,107.200117927958,fbg-mismatch
0,2,3,0.1750104,0.1132045,0.0595101,0.0017604,6,4,69,7,3,4,2565,0,1,1.83577797131198,1.72567609913412,0.180794850527687,-0.000161204465085495,-4.38971093407438e-20,-2.76400700612733,2.26120297392135,3.09911785747791e-17,-2.17784763772514,1.23628389356553,0,-4.1209463118851,1,0,-1,0.00388619878376191,0.00829318289604357,10.4213362198769,159.502041825983,159.499330532655,7.99350158494109e-07,0,5.43693978727333e-11,0.000425599878599722,4.89447371521123e-10,106.184750232092,fbg-mismatch
0,2,4,0.167315,0.106766,0.0583664,0.0016313,5,4,67,7,3,4,2583,0,1,1.94157898587045,1.82374095123946,0.192905459180129,-4.49189178532418e-05,-2.94089450082824e-20,-2.89657358110821,2.3280636237453,-1.22578179021774e-17,-2.24991122425247,1.30125749846719,0,-4.33752499489063,1,0,-1,0.00493109379761814,0.00203603593879715,11.2165308133472,159.227172055467,159.22535334075,0,0,9.20801213055711e-11,0.000384933118087791,1.38485600764682e-09,105.116759684643,fbg-mismatch
0,2,5,0.1496673,0.0900971,0.0575172,0.0015098,4,4,67,7,3,4,2583,0,1,2.04482919199054,1.92077484422569,0.202583316885594,1.98981778420814e-05,7.95554447215182e-20,-3.02914186129692,2.39381348694867,7.67508966771365e-18,-2.32161263833629,1.36539974565946,0,-4.55133248553153,1,0,-1,0.00693551428630553,0.00119872651277987,12.0421668732281,158.955663087843,158.954121684906,0,0.000372978184515205,1.42885703269258e-10,0.000380792726683474,2.96429902846285e-09,104.062539758212,fbg-mismatch
0,2,6,0.1614194,0.1013377,0.0580568,0.0015098,5,4,65,7,3,4,2571,0,1,2.14353637556396,2.01649838721513,0.207158431316234,-8.90757604526683e-05,1.17717306029612e-19,-3.16458623600751,2.4582009125791,-6.83061301146925e-18,-2.39280861721728,1.42873806034606,0,-4.76246020115355,1,0,-1,0.00545137500385867,0.00371992231200061,12.8945880695888,158.688580297569,158.685565968012,0,0,2.1310375686312e-10,0.000475192975279023,5.66774760457633e-09,103.046221432689,fbg-mismatch
0,2,7,0.1662899,0.1063918,0.0577301,0.0016609,5,4,69,7,3,4,2583,0,1,2.24178406809413,2.11138552975337,0.212191763705552,-0.000148504530181299,2.41455310472987e-20,-3.29732329775378,2.52173186562964,1.49213563538354e-18,-2.46365330060751,1.49129883051658,0,-4.97099610172192,1,0,-1,0.00540181394368134,0.00603447824078719,13.7685076144849,158.423626165355,158.419618935828,3.45740121726102e-06,0,2.97560642792405e-10,0.000540766936048846,9.08116604136922e-09,102.028178761033,fbg-mismatch
0,2,8,0.160601,0.0991212,0.0593727,0.0015953,4,4,67,7,3,4,2583,0,1,2.34165101310339,2.20567437953716,0.220544056933751,-1.06530059755426e-05,1.76842573573173e-20,-3.42455412191931,2.58468805856446,9.14155726193761e-18,-2.53419790952466,1.55310745209064,0,-5.17702484030214,1,0,-1,0.00823006200121987,0.0011122717832047,14.6551529740343,158.159460543209,158.156215588647,0,0,3.92453625153166e-10,0.000508159311264571,1.13870477491673e-08,100.98865595963,fbg-mismatch
0,2,9,0.1615333,0.0985063,0.0609676,0.001535,4,4,67,7,3,4,2625,0,1,2.43805759662847,2.29870002369124,0.225342278890362,1.55700692196023e-05,1.16509811100525e-19,-3.5534522152899,2.64642456249331,2.27643313834014e-16,-2.60415334645315,1.61418837218343,0,-5.38062790727809,1,0,-1,0.00946881421938087,0.00188843412945693,15.5682710435551,157.898782918803,157.895293095803,0,5.7131745023753e-05,4.99607022419468e-10,0.000532910247419304,1.26796191324274e-08,99.9822403620629,fbg-mismatch
0,2,10,0.1730663,0.1026821,0.0682034,0.0016679,5,4,69,7,3,4,2643,0,1,2.53047075755633,2.39036434104119,0.22586851870269,-0.00012405924853406,-4.82810183126648e-20,-3.68486021229062,2.70686242871781,2.23961277960036e-17,-2.67345819557969,1.67456513052539,0,-5.58188376841797,1,0,-1,0.00791228673487042,0.00450147766478634,16.5061532491025,157.641927483809,157.636790713073,0,0,6.25481888505419e-10,0.000633824922677266,1.41364437933333e-08,99.0166931017601,fbg-mismatch
0,2,11,0.1700201,0.1085825,0.0592484,0.0016778,5,4,67,7,3,4,2643,0,1,2.62299258384499,2.48116250741136,0.227739588475024,-0.000142905990200862,6.36005954143019e-20,-3.8131446248292,2.76654615319605,-1.74564930112536e-17,-2.74226349236047,1.73426039914888,0,-5.78086799716293,1,0,-1,0.00850252698132119,0.00510063974171355,17.4613117785513,157.386426603193,157.380649702718,0,0,7.65080887532577e-10,0.000678960842270691,1.50812042853943e-08,98.0503831504941,fbg-mismatch
0,2,12,0.1659686,0.0979087,0.0660219,0.0015265,4,4,63,7,3,4,2649,0,1,2.71596529135912,2.57111803248322,0.231466135638154,8.42887069800447e-06,2.74766007911932e-20,-3.93790168159193,2.82553602323308,-1.15911599793174e-17,-2.81054305799081,1.79329602038525,0,-5.97765340128416,1,0,-1,0.0117441278742769,0.00328482831883888,18.4319923352718,157.131907386985,157.12681325616,3.84514363066981e-06,0,9.17601550298741e-10,0.000653191406843857,1.52401620212572e-08,97.0805018288181,fbg-mismatch
