mu,frame,gapMm,coneExcessN,normalProductNmm,frictionWorkNmm,slidingLawErrorN,slipNormMm,contactPointMismatchMm,segmentsPerIVP,ode45SegmentCalls
0.3,1,6.70306717168731e-11,0,2.46588445951826e-10,-0.0223403657231774,2.73126676074153e-17,0.0202427667828597,0.000242766866833114,3,15
0.3,2,4.74375397904042e-11,0,1.85166310790834e-10,-0.02074229954506,3.03371093627224e-17,0.0177131512352475,0.00228684898215183,3,15
0.3,3,3.04387689099156e-11,0,1.2563848404454e-10,-0.0151901818503555,9.77711605757401e-18,0.0122672188795977,0.0077327819419659,3,15
0.3,4,1.09826327719664e-11,2.22044604925031e-16,4.76573775528268e-11,-0.0231506981455492,2.24259993554443e-16,0.0177835786190974,0.00221642159360974,3,15
0.3,5,1.1938065687736e-07,0,5.43261235817665e-07,-0.0281433120336507,2.22074058408212e-16,0.0206148034362936,0.000614803670458107,3,9
0.3,6,3.18590564086368e-12,0,1.51830944200417e-11,-0.023234045371996,1.30985218881321e-17,0.0162508542204713,0.00374914620372576,3,15
0.3,7,2.18229938243539e-11,0,1.0859325482007e-10,-0.0211138414231598,2.23056760540743e-16,0.0141435190656932,0.00585648163627661,3,15
0.3,8,6.70155118871014e-11,0,3.46989487344979e-10,-0.0300545588664574,2.89271318424333e-17,0.0193485366793856,0.000651463352043896,3,15
0.3,9,1.37808559675474e-10,0,7.41504710514961e-10,-0.0327513842085717,8.50594529052861e-17,0.0202894691526497,0.000289469295878951,3,15
0.3,10,2.33684256732529e-10,2.22044604925031e-16,1.30535199612926e-09,-0.0262605235116836,3.75792317737234e-16,0.0156705392783757,0.00432946128398425,3,15
0.3,11,3.63179414818691e-10,0,2.10115370995675e-09,-0.0264050616660559,3.07247803990372e-16,0.0152135067489931,0.00478649389288889,3,15
0.3,12,5.46329226805843e-10,0,3.26618628380084e-09,-0.0357919442615751,2.37206501900042e-16,0.0199561849154024,4.38153244155681e-05,3,15
0,1,8.31056543840105e-12,1.8156144552616e-20,2.06191286455715e-11,1.272055008826e-22,1.8156144552616e-20,0.0264575695431904,0.00645756954645338,3,21
0,2,2.61610061955478e-11,8.91573457239223e-21,6.86133639511015e-11,6.35338815174271e-23,8.91573457239223e-21,0.0245987268272755,0.00459872693933021,3,21
0,3,5.43695333980049e-11,4.41711108173931e-20,1.50277771487548e-10,-9.76142454548513e-23,4.41711108173931e-20,0.0198713393589612,0.000128712017622774,3,21
0,4,9.20800418335518e-11,2.95128476003701e-20,2.66716616554476e-10,-6.46128745641662e-23,2.95128476003701e-20,0.0261136690712012,0.00611366915158423,3,21
0,5,1.42885790113852e-10,7.9841550706124e-20,4.32821328227692e-10,2.00706683294351e-22,7.9841550706124e-20,0.029720649611819,0.00972064962119259,3,21
0,6,2.13103950826889e-10,1.17778200485431e-19,6.74385829892749e-10,-9.9190806795723e-23,1.17778200485431e-19,0.026193361300075,0.00619336156952677,3,21
0,7,2.97560581101301e-10,2.49034551338666e-20,9.81153437553566e-10,-1.52180369325776e-22,2.49034551338666e-20,0.0249592057802375,0.00495920665330084,3,21
0,8,3.92453594890373e-10,1.79051795263343e-20,1.34397857605038e-09,-8.70771878084834e-23,1.79051795263343e-20,0.0310544747058153,0.0110544747077682,3,21
0,9,4.99606910312964e-10,1.16949656261436e-19,1.77532928224279e-09,-3.33818806210692e-22,1.16949656261436e-19,0.0329423931053806,0.0129423931087837,3,21
0,10,6.25481886445435e-10,4.86908497593571e-20,2.3048133181775e-09,-1.84918518805457e-22,4.86908497593571e-20,0.0293328921573063,0.00933289243468632,3,21
0,11,7.6508080957844e-10,6.56314737589174e-20,2.91736377865278e-09,4.84595750148612e-22,6.56314737589174e-20,0.0299124852692769,0.00991248559995771,3,21
0,12,9.17601731136887e-10,2.80498405399909e-20,3.61342540008389e-09,2.01489277415e-22,2.80498405399909e-20,0.035713619774252,0.0157136197749741,3,21
