frame,push_mm,true_contact_x_N,true_contact_y_N,true_contact_z_N,estimated_contact_x_N,estimated_contact_y_N,estimated_contact_z_N,true_tip_x_N,true_tip_y_N,true_tip_z_N,estimated_tip_x_N,estimated_tip_y_N,estimated_tip_z_N,true_total_x_N,true_total_y_N,true_total_z_N,estimated_total_x_N,estimated_total_y_N,estimated_total_z_N,true_contact_magnitude_N,estimated_contact_magnitude_N,contact_vector_error_N,tip_vector_error_N,total_vector_error_N,true_contact_s_mm,estimated_contact_s_mm,complementarity_residual,requires_review,truth_penetration_mm
1,12,1.2893358045554,0,-6.06584804733998,1.28933870274528,0,-6.06585891694121,0.5,0,-0.6,0.499995894275918,0,-0.599995213529108,1.7893358045554,0,-6.66584804733998,1.78933459702119,0,-6.66585413047031,6.20136270107843,6.20137393572038,1.12493437724254e-05,6.30612986182941e-06,6.20182340239263e-06,153.579425437459,153.579422667811,2.86412178114279e-13,0,0
2,12.8181818181818,1.38492295457362,0,-6.51555023139493,1.38492250299463,0,-6.51555056925877,0.5,0,-0.6,0.500000357646046,0,-0.599999857791538,1.88492295457362,0,-7.11555023139493,1.88492286064068,0,-7.11555042705031,6.66111149943727,6.66111173602945,5.63981883921121e-07,3.8488172287221e-07,2.17035545645038e-07,153.111059369139,153.11106163032,1.18325113903052e-14,0,5.6843418860808e-14
3,13.6363636363636,1.47825610487691,0,-6.95464818052426,1.47825584032213,-1.21725141702025e-13,-6.95464914777349,0.5,0,-0.6,0.500000095466709,-1.40087986346428e-13,-0.599999578814491,1.97825610487691,0,-7.55464818052426,1.97825593578884,-2.61813128048452e-13,-7.55464872658798,7.11001915795417,7.11002004906266,1.00277629745223e-06,4.31869338859954e-07,5.71643562475638e-07,152.64904422114,152.649046121804,5.93606838893992e-13,0,0
4,14.4545454545455,1.56946406003296,0,-7.38374787257536,1.56946396823875,2.41145136937521e-10,-7.38374916960896,0.5,0,-0.6,0.499999883953523,2.18091749505819e-11,-0.59999943051864,2.06946406003296,0,-7.98374787257536,2.06946385219228,2.62954311888103e-10,-7.9837486001276,7.54870519238209,7.54870644198731,1.30027781287087e-06,5.81184828215071e-07,7.56657173979901e-07,152.193134343834,152.193135740099,8.31370171644631e-13,0,0
5,15.2727272727273,1.65866778447995,0,-7.80341840048631,1.65866783972099,-2.362934496463e-10,-7.8034204254214,0.5,0,-0.6,0.499999636175821,1.37305044206656e-09,-0.599999095701006,2.15866778447995,0,-8.40341840048631,2.15866747589681,1.13675699242026e-09,-8.4034195211224,7.97775140953389,7.97775340170455,2.02568845695582e-06,9.74744371044482e-07,1.16234680476473e-06,151.743096011726,151.74309736254,3.54283420454162e-13,0,0
6,16.0909090909091,1.74598093526603,0,-8.21419447862793,1.74598111944434,-2.43827940737822e-09,-8.2141969876668,0.5,0,-0.6,0.499999437040714,1.89073980369012e-09,-0.599998867372559,2.24598093526603,0,-8.81419447862793,2.24598055648505,-5.47539603688093e-10,-8.81419585503936,8.39770446961752,8.3977069621207,2.51579085877471e-06,1.26482079905848e-06,1.42757968353876e-06,151.298706816529,151.298708011227,2.83429159751402e-13,0,0
7,16.9090909090909,1.83151036304778,0,-8.61657879981638,1.83151063590573,-6.10308498046962e-10,-8.61658162809489,0.5,0,-0.6,0.499999299927055,7.44298011646001e-10,-0.599998714983709,2.33151036304778,0,-9.21657879981638,2.33150993583279,1.33989513599039e-10,-9.2165803430786,8.80907829590568,8.80908111910988,2.8414100604171e-06,1.46334191144656e-06,1.60130288321152e-06,150.859755077344,150.859756140895,2.66017215410962e-13,0,0
8,17.7272727272727,1.91535658157889,0,-9.01104424408376,1.91535693805772,7.31015942930236e-10,-9.01104729453793,0.5,0,-0.6,0.499999175100941,8.90495798537764e-10,-0.599998597777812,2.41535658157889,0,-9.61104424408376,2.41535611315866,1.621511741468e-09,-9.61104589231574,9.21235633285169,9.21235939076224,3.07121284665431e-06,1.62686395127972e-06,1.71350191432238e-06,150.426039271914,150.426040184705,1.30915500886349e-13,0,0
9,18.5454545454545,1.99761420611233,0,-9.39803594119799,1.99761468966546,2.44709907566768e-09,-9.39803964781672,0.5,0,-0.6,0.499998945736968,-2.32334250910974e-09,-0.599998281110346,2.49761420611233,0,-9.99803594119799,2.49761363540243,1.23756566557944e-10,-9.99803792892707,9.60799365468727,9.60799738084385,3.73802782793271e-06,2.01644677111456e-06,2.06803692172711e-06,149.997367493199,149.997368399707,1.36537854883213e-13,0,0
10,19.3636363636364,2.07837236428956,0,-9.7779732037446,2.07837283170751,-5.87335328110501e-10,-9.77797658969037,0.5,0,-0.6,0.499998998654658,-7.21276872548405e-10,-0.599998415685879,2.57837236428956,0,-10.3779732037446,2.57837183036217,-1.30861220065891e-09,-10.3779750053762,9.99641894169057,9.99642235082696,3.41805626739916e-06,1.87423164193274e-06,1.87908402665428e-06,149.573556920207,149.573557651932,8.8786066062125e-14,0,0
11,20.1818181818182,2.15771507550106,0,-10.1512513118779,2.15771561194006,1.43041656218453e-09,-10.1512553349093,0.5,0,-0.6,0.499998818498138,1.75987213378477e-09,-0.599998101914244,2.65771507550106,0,-10.7512513118779,2.65771443043819,3.19028869596929e-09,-10.7512534368236,10.3780363048096,10.3780403514602,4.058639055538e-06,2.23577263683848e-06,2.22070046009091e-06,149.154433330998,149.154434220294,9.21755147894401e-14,0,0
12,21,2.23572160713182,0,-10.5182431893239,2.23572217222346,1.30324907595013e-09,-10.5182474193516,0.5,0,-0.6,0.499998746552141,1.60755017819433e-09,-0.599997986137383,2.73572160713182,0,-11.1182431893239,2.7357209187756,2.91079925414447e-09,-11.118245405489,10.7532269991085,10.7532312541891,4.26760645147009e-06,2.37208278945034e-06,2.32060995009467e-06,148.739830622721,148.739831523331,7.44961459477221e-13,0,0
