sceneId,method,frameCount,candidateCount,contactForceRmseN,contactMagnitudeMaeN,contactArcRmseMm,tipForceRmseN,totalForceRmseN,shapeRmseMm,reviewCount,optimizationSeconds
two_contact,EnFiRCE,2,2,5.381204617216388e-07,4.650838003605884e-07,2.4900852003741723e-08,6.813875107611206e-07,6.696215424880047e-07,3.1419331940346664e-08,0,249.3101902
tapered_two_contact,EnFiRCE,2,2,1.6371669767348333e-06,1.2863389353690025e-06,1.197477542378373e-07,1.8294005123425833e-06,1.284581900265079e-06,3.393433743572931e-08,0,131.4816262
three_contact,EnFiRCE,2,3,9.295410325091818e-07,7.267540113412944e-07,1.1540090469063948e-08,1.194488628014612e-06,1.1084141655476429e-06,6.394382553093547e-08,0,238.7794113
rotated_two_contact,EnFiRCE,2,2,5.593113885671772e-07,4.7267868641398536e-07,2.690117483671016e-08,7.013697886583778e-07,6.865193369779532e-07,1.9007258915263472e-08,0,155.9531745
three_contact_noisy,EnFiRCE,2,3,0.6005239483609635,0.5380180188225948,0.02353492500637516,0.7807357812976647,0.81988815757438,0.07603780342513425,0,1313.1523446
spatial_sliding,EnFiRCE,2,2,7.547284712950079e-07,4.2755041462783083e-07,4.4227410795438617e-08,2.3816805475648224e-07,1.2330127961974442e-06,1.8204370383262005e-08,1,337.803607
spatial_sliding_noisy,EnFiRCE,2,2,0.33018929691793786,0.29360219457827874,0.03219732174476255,0.3518299030882113,0.47975219292468435,0.04460146167415353,1,580.7493412
two_contact,point,2,2,4.0452628877975467e-07,1.0002344152937326e-07,1.3145018347633244e-08,1.2933240605107368e-09,5.538566244187706e-07,2.5213072362100294e-08,0,3.3289421
two_contact,gaussian,2,2,0.0241444737924969,0.017977988589103155,0.0023682886295810068,0.02155245067716665,0.024324213332933876,0.0005645431999985078,1,29.6234715
tapered_two_contact,point,2,2,3.505603325864036e-07,2.592277459356751e-08,2.6364897225037816e-08,4.720971714769236e-10,4.753432917768154e-07,2.5758400735214692e-08,0,1.264089
tapered_two_contact,gaussian,2,2,0.09068197050131714,0.08878754294086022,0.004564684039047594,0.1025329321526783,0.10309656956261207,0.012041417768263306,2,17.0436185
three_contact,point,2,3,2.8624952262514623e-07,7.02233234524859e-08,1.6064361942437908e-08,2.2867660971860786e-10,4.500852780057452e-07,4.2992254677081385e-08,0,14.2928411
three_contact,gaussian,2,3,0.0024473086775325674,1.5133135224942862e-06,8.001298464015006e-08,5.445401583454207e-06,5.272235500116212e-07,0.006340376077614747,0,3.6288492
rotated_two_contact,point,2,2,4.0416450814151616e-07,9.49547813711149e-08,1.3145017432662302e-08,1.272734622650819e-09,5.534408207344607e-07,1.798351592616897e-08,0,2.6050574
rotated_two_contact,gaussian,2,2,0.024144458075650854,0.01797797328863826,0.0023682895911610125,0.021552471131956144,0.024324225114886685,0.0005633025767627507,1,25.2447741
three_contact_noisy,point,2,3,1.780639712283189,0.7911965547511913,0.5563185829081901,1.4693186062106771,0.6315513796938238,0.09805491273937991,0,28.0772099
three_contact_noisy,gaussian,2,3,1.2121553922545985,1.0067542091268145,0.5523957246320076,1.3607655293836236,1.5061319443941064,0.21741121157785792,0,56.0819601
spatial_sliding,point,2,2,4.228643586548989e-07,1.8648733224324587e-08,2.9553897316669264e-08,7.099274039178256e-10,6.300138752345137e-07,1.4630473519218042e-08,0,2.742072
spatial_sliding,gaussian,2,2,0.044957393231060336,0.040725962769035284,0.002874939800675226,0.031169016031915117,0.06478062403102074,0.0010014784718084357,2,25.4984015
spatial_sliding_noisy,point,2,2,1.7318380972534069,1.149418702880575,0.2230171035758299,0.6130288219400523,1.4993371968071956,0.05274581195852819,0,10.5727504
spatial_sliding_noisy,gaussian,2,2,0.9938742730997521,0.9265187993533175,0.21709210176365898,1.207352888802395,1.3293313427637239,0.052359798451110724,0,18.1579746
