scenario,frame,method,positionRmsMm,maximumPositionErrorMm,tipPositionErrorMm,seconds,segments,tangentRmsRad
sliding_clean,1,current_pchip,0.000297829724585369,0.00111269858308401,0.00111269858308401,0.0475274,200,NaN
sliding_clean,1,direct_left,0.412651824596206,0.724748560256069,0.712520553421998,0.0241018,24,NaN
sliding_clean,1,direct_average,0.012143048814721,0.0200980059156907,0.0200980059156907,0.0053803,24,NaN
sliding_clean,1,direct_centered,0.00238070198863983,0.00316616749410117,0.0029293510293468,0.0026923,25,NaN
sliding_clean,2,current_pchip,0.000266927820749943,0.000940226361150647,0.000940226361150647,0.0056226,200,NaN
sliding_clean,2,direct_left,0.429641271025761,0.754690141314615,0.741864671488633,0.0016231,24,NaN
sliding_clean,2,direct_average,0.0127460268881631,0.0210108210344104,0.0210108210344104,0.0042581,24,NaN
sliding_clean,2,direct_centered,0.00239296004608255,0.00319234984673093,0.00284907383818269,0.0012774,25,NaN
sliding_clean,3,current_pchip,0.00024037526280448,0.000716128320135729,0.000716128320135729,0.000847,200,NaN
sliding_clean,3,direct_left,0.446640920900524,0.784606220680717,0.771157291758205,0.0008004,24,NaN
sliding_clean,3,direct_average,0.01335203122577,0.0219006443208935,0.0219006443208935,0.0007521,24,NaN
sliding_clean,3,direct_centered,0.0023992930778993,0.00321337024724747,0.0027267621343092,0.0008115,25,NaN
sliding_clean,4,current_pchip,0.000247519851079608,0.000547147434626051,0.000529005707248853,0.0008167,200,NaN
sliding_clean,4,direct_left,0.463649020090145,0.814492943904592,0.800394612605676,0.0007734,24,NaN
sliding_clean,4,direct_average,0.0139609694961505,0.0227666363653687,0.0227666363653687,0.0008032,24,NaN
sliding_clean,4,direct_centered,0.00240120890190613,0.00322942120315544,0.0025722896078247,0.0009626,25,NaN
sliding_clean,5,current_pchip,0.00031703672703628,0.000645826742204846,0.000644104650132157,0.0045481,200,NaN
sliding_clean,5,direct_left,0.480663964342994,0.844346814137561,0.829573245144934,0.000892,24,NaN
sliding_clean,5,direct_average,0.0145728550023472,0.0236088531496563,0.0236088531496563,0.0007721,24,NaN
sliding_clean,5,direct_centered,0.00240111560298304,0.0032406871246327,0.002408685824256,0.0014031,25,NaN
sliding_clean,6,current_pchip,0.00044842617831576,0.00111071464370677,0.00111071464370677,0.0006713,200,NaN
sliding_clean,6,direct_left,0.497684287339414,0.874164667212222,0.858690178810139,0.0007769,24,NaN
sliding_clean,6,direct_average,0.0151878119073686,0.024428303867755,0.024428303867755,0.0007602,24,NaN
sliding_clean,6,direct_centered,0.00240250191725025,0.00324734481137579,0.00228017895838368,0.000802,25,NaN
sliding_clean,7,current_pchip,0.000629485100168917,0.00177460875573406,0.00177460875573406,0.0007916,200,NaN
sliding_clean,7,direct_left,0.514708650215501,0.903943643070902,0.88774275024527,0.0007963,24,NaN
sliding_clean,7,direct_average,0.015806078325265,0.0252270037553996,0.0252270037553996,0.0007367,24,NaN
sliding_clean,7,direct_centered,0.00241008688525762,0.0032495638419815,0.00225736285460533,0.0007747,25,NaN
sliding_clean,8,current_pchip,0.000853173395893968,0.0025850683543583,0.0025850683543583,0.0005062,200,NaN
sliding_clean,8,direct_left,0.531735832270701,0.933686254480514,0.916728615006241,0.0007316,24,NaN
sliding_clean,8,direct_average,0.0164280076726851,0.0260080214501979,0.0260080214501979,0.0007219,24,NaN
sliding_clean,8,direct_centered,0.00242987735788612,0.00324750696326369,0.00242175595278599,0.0007309,25,NaN
sliding_clean,9,current_pchip,0.00111692146330011,0.00353179427734043,0.00353179427734043,0.0004956,200,NaN
sliding_clean,9,direct_left,0.548764723065273,0.963402466935214,0.945645721779557,0.0007485,24,NaN
sliding_clean,9,direct_average,0.0170540683563492,0.0267755192559317,0.0267755192559317,0.0007229,24,NaN
sliding_clean,9,direct_centered,0.00246904991125498,0.0032413304580655,0.00282423468499792,0.0008116,25,NaN
sliding_clean,10,current_pchip,0.00142023607080559,0.00461424433051738,0.00461424433051738,0.0004979,200,NaN
sliding_clean,10,direct_left,0.565794313730676,0.993075218062728,0.974492288869818,0.0007399,24,NaN
sliding_clean,10,direct_average,0.0176848434391882,0.0275347835785262,0.0275347835785262,0.0007242,24,NaN
sliding_clean,10,direct_centered,0.00253557396590904,0.00347322580337318,0.00346457251257599,0.0007243,25,NaN
sliding_clean,11,current_pchip,0.00176354116306194,0.00583471350526906,0.00583471350526906,0.0004929,200,NaN
sliding_clean,11,direct_left,0.582823689219402,1.02270261663893,1.00326678273573,0.0007223,24,NaN
sliding_clean,11,direct_average,0.0183210290646913,0.0284774635719209,0.0282922417589215,0.0007197,24,NaN
sliding_clean,11,direct_centered,0.00263755715766376,0.00431634734009516,0.00431634734009516,0.00072,25,NaN
sliding_clean,12,current_pchip,0.00214769410972146,0.00719642542733788,0.00719642542733788,0.0004914,200,NaN
sliding_clean,12,direct_left,0.599852022320341,1.05228296762809,1.03196789837368,0.0007233,24,NaN
sliding_clean,12,direct_average,0.0189634309446182,0.0295272720540961,0.0290554606939324,0.0007089,24,NaN
sliding_clean,12,direct_centered,0.00278242273808559,0.00535379609047535,0.00535379609047535,0.0008758,25,NaN
s_channel_two_contact,1,current_pchip,0.0839668035955332,0.158423092149861,0.158423092149861,0.0045885,120,0.00136130138757091
s_channel_two_contact,1,direct_left,2.28013271132497,3.81722494568959,3.81722494568959,0.0016795,26,0.0307593686743044
s_channel_two_contact,1,direct_average,0.067843441639922,0.103327991048184,0.103327991048184,0.0008153,26,0.0010829252880263
s_channel_two_contact,1,direct_centered,0.0284481082953261,0.059003847077904,0.059003847077904,0.0007419,24,0.000688605043790992
s_channel_two_contact,2,current_pchip,0.0749810509092098,0.141427707757671,0.141427707757671,0.0004624,120,0.00121371475293094
s_channel_two_contact,2,direct_left,2.17945278832034,3.6484548337633,3.6484548337633,0.0008179,26,0.0294106112517876
s_channel_two_contact,2,direct_average,0.0609529912907741,0.0900140273447411,0.0900140273447411,0.0008514,26,0.00100821846996197
s_channel_two_contact,2,direct_centered,0.0225469511368821,0.047445424152471,0.047445424152471,0.0006203,24,0.000590547355479777
s_channel_two_contact,3,current_pchip,0.0548505223494596,0.103464671608768,0.103464671608768,0.000365,120,0.000884895820520311
s_channel_two_contact,3,direct_left,2.09142111783676,3.50365811935139,3.50365811935139,0.0011604,26,0.0282552453337533
s_channel_two_contact,3,direct_average,0.0458167185648834,0.0569905788652163,0.0569905788652163,0.0007032,26,0.000915326470837082
s_channel_two_contact,3,direct_centered,0.00639263366035649,0.01428159541162,0.01428159541162,0.000634,24,0.00037855622012824
s_channel_two_contact,4,current_pchip,0.0378464377607957,0.07138411560504,0.07138411560504,0.0003577,120,0.000610793678092978
s_channel_two_contact,4,direct_left,2.0022486338303,3.35611776251643,3.35611776251643,0.0006634,26,0.0270773369950498
s_channel_two_contact,4,direct_average,0.0358462120776346,0.0511285665063031,0.033025411816728,0.0006542,26,0.000898107984117518
s_channel_two_contact,4,direct_centered,0.0106379975915755,0.0150510416875764,0.0132527313298678,0.0005982,24,0.000323891943587268
s_channel_two_contact,5,current_pchip,0.023645954793426,0.0445742763650679,0.0445742763650679,0.0005952,120,0.000389842665579553
s_channel_two_contact,5,direct_left,1.91217436658378,3.20631189880928,3.20631189880928,0.0007381,26,0.0258805677474304
s_channel_two_contact,5,direct_average,0.0312440880327571,0.0483709047397776,0.0245585488865516,0.0006756,26,0.000924176661804479
s_channel_two_contact,5,direct_centered,0.0217421000141336,0.0353985141882782,0.0353985141882782,0.0006009,24,0.000401030646461006
s_channel_two_contact,6,current_pchip,0.0119979454654793,0.0225027195032975,0.0225027195032975,0.0003393,120,0.000225741145116166
s_channel_two_contact,6,direct_left,1.82141860096306,3.05468163697667,3.05468163697667,0.000678,26,0.0246683819388049
s_channel_two_contact,6,direct_average,0.0309831212099188,0.0457160577234798,0.0323940627455688,0.0006581,26,0.00096579236283672
s_channel_two_contact,6,direct_centered,0.0307369701065246,0.0529177202593754,0.0529177202593754,0.0006016,24,0.000509983100972287
s_channel_two_contact,7,current_pchip,0.00337910746887766,0.00536680801134845,0.00526093627972914,0.0003147,120,0.000146028607265043
s_channel_two_contact,7,direct_left,1.7301843464221,2.90163399722748,2.90163399722748,0.0006569,26,0.0234440099810343
s_channel_two_contact,7,direct_average,0.0329855120618317,0.0438174321725634,0.0438174321725634,0.0006468,26,0.00100560647991789
s_channel_two_contact,7,direct_centered,0.0376063830571351,0.0662926017788544,0.0662926017788544,0.0005991,24,0.000607029982068538
s_channel_two_contact,8,current_pchip,0.00579728144441675,0.00994543231159292,0.00994543231159292,0.0003082,120,0.000175683040960186
s_channel_two_contact,8,direct_left,1.63865869763933,2.74754461721825,2.74754461721825,0.000654,26,0.0222106048173803
s_channel_two_contact,8,direct_average,0.035522100129042,0.0536530090407928,0.0536530090407928,0.0006436,26,0.00103465498618226
s_channel_two_contact,8,direct_centered,0.0425576598371687,0.07599507959714,0.07599507959714,0.000595,24,0.000681590342434328
s_channel_two_contact,9,current_pchip,0.011148374648353,0.0203830841716102,0.0203830841716102,0.0003076,120,0.000238533137001694
s_channel_two_contact,9,direct_left,1.54701408016293,2.59276021562293,2.59276021562293,0.0006522,26,0.0209709935410819
s_channel_two_contact,9,direct_average,0.0376813864853126,0.060986192893633,0.060986192893633,0.0006864,26,0.00104910966298397
s_channel_two_contact,9,direct_centered,0.0458122160031239,0.0824656960405322,0.0824656960405322,0.0006163,24,0.000732379979311768
s_channel_two_contact,10,current_pchip,0.0151360763541313,0.0280136684941446,0.0280136684941446,0.0003092,120,0.000291972730694021
s_channel_two_contact,10,direct_left,1.45540940594519,2.43760085137712,2.43760085137712,0.0006455,26,0.0197277675712742
s_channel_two_contact,10,direct_average,0.0390925898922757,0.0658136237577536,0.0658136237577536,0.0008847,26,0.00104797263304964
s_channel_two_contact,10,direct_centered,0.0475829374928784,0.0861142929151861,0.0861142929151861,0.0007218,24,0.000760834339231008
s_channel_two_contact,11,current_pchip,0.0178023701005901,0.0331062975682294,0.0331062975682294,0.0003107,120,0.000328482761728452
s_channel_two_contact,11,direct_left,1.36399113504932,2.28236199445124,2.28236199445124,0.0006592,26,0.0184833536150964
s_channel_two_contact,11,direct_average,0.0396529454675783,0.0683550335885267,0.0683550335885267,0.0006685,26,0.00103174962474248
s_channel_two_contact,11,direct_centered,0.0480700428178987,0.087321970106727,0.087321970106727,0.0005898,24,0.00076925501781088
s_channel_two_contact,12,current_pchip,0.019313676353009,0.0360054242820125,0.0360054242820125,0.0003099,120,0.000348136537746652
s_channel_two_contact,12,direct_left,1.27289426109802,2.12731643078082,2.12731643078082,0.0006566,26,0.0172400274946335
s_channel_two_contact,12,direct_average,0.0393839900513262,0.0688901715830831,0.0688901715830831,0.0006438,26,0.00100173257209577
s_channel_two_contact,12,direct_centered,0.0474605572549388,0.0864431206818932,0.0864431206818932,0.0005861,24,0.000760198416710288
