scenario,repeat,frame,valid,seconds,geometrySeconds,mechanicsSeconds,diagnosticSeconds,geometryIterations,sqpIterations,qpIterations,stateIVPs,augmentedIVPs,totalIVPs,rhsEvaluations,odeSegments,stateDimension,rejectedTrials,contacts,activeContacts,converged,contactErrorN,tipErrorN,totalErrorN,arcErrorMm,shapeErrorMm,penetrationMm,projectionN,normalProductNmm,tangency,coneExcessN,tipMomentNmm,fbgRms,maxFrictionWorkNmm,stationarity,flags
sliding_clean,1,1,1,0.233109,0.1287777,0.095839,0.0050256,4,3,51,2,3,5,1833,15,150,0,1,1,1,0.000366648747127415,0.000147855685456035,0.000275834438403386,0.000248005389238415,0.00030900358380365,0,6.70308253347685e-11,2.46588445951826e-10,5.7928237200065e-06,0,9.40823868811336e-09,0.02391935506411,0,6.12991896825621e-09,
sliding_clean,1,2,1,0.1470206,0.0962097,0.0471097,0.0024059,4,3,57,2,3,5,1839,15,150,0,1,1,1,0.00195289563670577,0.000908788505577748,0.00125634324414617,0.00109858655946482,0.00151044005015479,0,4.74376093961837e-11,1.85166310790834e-10,4.87737429279607e-05,0,6.20467777157074e-09,0.116983328999022,0,5.12841147326526e-09,
sliding_clean,1,3,1,0.1678894,0.1202599,0.0455237,0.0015815,6,3,45,2,3,5,1839,15,150,0,1,1,1,0.00693136268342378,0.00319276884533728,0.00451942355739176,0.00271129332799092,0.00540431916890616,2.02189541435643e-07,3.0438762621543e-11,1.2563848404454e-10,0.00013309891269505,0,3.20474924375702e-09,0.417806582999202,0,4.09775715443095e-09,
sliding_clean,1,4,1,0.1503313,0.1025868,0.0457108,0.0015237,5,3,49,2,3,5,1851,15,150,0,1,1,1,0.00189620907955026,0.000943773238935105,0.00113084319948259,0.00181871471750128,0.00142822970412364,0,1.0982326159592e-11,4.76573775528268e-11,7.1916182818945e-05,2.22044604925031e-16,1.40368339174302e-09,0.110466461500197,0,2.37612883432744e-09,
sliding_clean,1,5,1,0.1242797,0.0927013,0.0295022,0.0015183,4,2,36,1,2,3,1119,9,150,0,1,1,1,0.000698806785961941,0.000262321570045847,0.000613632032897575,0.00154140293778937,0.000603433069605375,0,1.19380656471435e-07,5.43261235817665e-07,4.69889315380567e-05,0,7.42394429809057e-06,0.0466515490602264,0,2.69301985056936e-07,
sliding_clean,1,6,1,0.1509424,0.1024002,0.046504,0.0015234,5,3,51,2,3,5,1851,15,150,0,1,1,1,0.00339317329421653,0.00170852137945611,0.00200230656893972,0.00301432955780001,0.0025577830711611,0,3.18589599146435e-12,1.51830944200417e-11,0.00012003442744884,0,4.12456291343233e-10,0.197390499965531,0,1.22152910345379e-09,
sliding_clean,1,7,1,0.1473645,0.101212,0.04397,0.001663,5,3,53,2,3,5,1851,15,150,0,1,1,1,0.00532683730853103,0.00264943281563757,0.00319618135020967,0.00400722952721821,0.00407690375812846,0,2.18234319504518e-11,1.0859325482007e-10,0.000164259756045037,0,2.60547627917163e-09,0.314180365078259,0,3.21046812745696e-09,
sliding_clean,1,8,1,0.1384453,0.092784,0.0436458,0.001485,4,3,53,2,3,5,1851,15,150,0,1,1,1,0.000756040107184933,0.000663029519832656,0.000104805659209639,0.00324495456203522,0.000273652411185296,0,6.70157263016335e-11,3.46989487344979e-10,0.000110563249171805,0,8.73118155553243e-09,0.0230794643381439,0,5.34754115988356e-09,
sliding_clean,1,9,1,0.1404478,0.0935671,0.0441795,0.0021728,4,3,53,2,3,5,1881,15,150,0,1,1,1,6.63179089980556e-05,0.000487114003541388,0.000438622329362199,0.00348982300076273,0.000400670267284785,0,1.37808875422252e-10,7.41504710514961e-10,0.000113882321373222,0,1.81967104995184e-08,0.0319459624632974,0,7.45881590519248e-09,
sliding_clean,1,10,1,0.150806,0.1046494,0.044186,0.00146,5,3,51,2,3,5,1899,15,150,0,1,1,1,0.00426507841912911,0.00237960731366315,0.00221350563842751,0.00513677073573149,0.00298708241603527,0,2.33684183115201e-10,1.30535199612926e-09,0.000192953628986839,2.22044604925031e-16,2.60275723196202e-08,0.23012241415627,0,9.73119724948304e-09,
sliding_clean,1,11,1,0.1534147,0.1036394,0.0475224,0.001684,5,3,59,2,3,5,1899,15,150,0,1,1,1,0.00478153230997214,0.00270525762975493,0.00243632415103987,0.00577690047495594,0.0033110022246881,0,3.6317970852906e-10,2.10115370995675e-09,0.000216356049807155,0,3.82666666132181e-08,0.25492280553361,0,1.18883545022208e-08,
sliding_clean,1,12,1,0.1408302,0.094556,0.0441933,0.0015548,4,3,53,2,3,5,1899,15,150,0,1,1,1,0.000801816223039887,0.00106624465290926,0.000281913548014066,0.00509413082565402,0.000202667818642793,0,5.46329204098583e-10,3.26618628380084e-09,0.000169021759404137,0,6.84740052436794e-08,0.0213262174000197,0,1.38593775446425e-08,
sliding_clean,2,1,1,0.1386639,0.0938316,0.0428808,0.0014346,4,3,51,2,3,5,1833,15,150,0,1,1,1,0.000366648747127415,0.000147855685456035,0.000275834438403386,0.000248005389238415,0.00030900358380365,0,6.70308253347685e-11,2.46588445951826e-10,5.7928237200065e-06,0,9.40823868811336e-09,0.02391935506411,0,6.12991896825621e-09,
sliding_clean,2,2,1,0.1378592,0.0922529,0.0436112,0.0014514,4,3,57,2,3,5,1839,15,150,0,1,1,1,0.00195289563670577,0.000908788505577748,0.00125634324414617,0.00109858655946482,0.00151044005015479,0,4.74376093961837e-11,1.85166310790834e-10,4.87737429279607e-05,0,6.20467777157074e-09,0.116983328999022,0,5.12841147326526e-09,
sliding_clean,2,3,1,0.1637071,0.1146804,0.046923,0.0015428,6,3,45,2,3,5,1839,15,150,0,1,1,1,0.00693136268342378,0.00319276884533728,0.00451942355739176,0.00271129332799092,0.00540431916890616,2.02189541435643e-07,3.0438762621543e-11,1.2563848404454e-10,0.00013309891269505,0,3.20474924375702e-09,0.417806582999202,0,4.09775715443095e-09,
sliding_clean,2,4,1,0.1458869,0.1005321,0.0432474,0.0015663,5,3,49,2,3,5,1851,15,150,0,1,1,1,0.00189620907955026,0.000943773238935105,0.00113084319948259,0.00181871471750128,0.00142822970412364,0,1.0982326159592e-11,4.76573775528268e-11,7.1916182818945e-05,2.22044604925031e-16,1.40368339174302e-09,0.110466461500197,0,2.37612883432744e-09,
sliding_clean,2,5,1,0.1268702,0.0959103,0.0288761,0.0015289,4,2,36,1,2,3,1119,9,150,0,1,1,1,0.000698806785961941,0.000262321570045847,0.000613632032897575,0.00154140293778937,0.000603433069605375,0,1.19380656471435e-07,5.43261235817665e-07,4.69889315380567e-05,0,7.42394429809057e-06,0.0466515490602264,0,2.69301985056936e-07,
sliding_clean,2,6,1,0.1526196,0.1037928,0.046671,0.0016002,5,3,51,2,3,5,1851,15,150,0,1,1,1,0.00339317329421653,0.00170852137945611,0.00200230656893972,0.00301432955780001,0.0025577830711611,0,3.18589599146435e-12,1.51830944200417e-11,0.00012003442744884,0,4.12456291343233e-10,0.197390499965531,0,1.22152910345379e-09,
sliding_clean,2,7,1,0.1493546,0.1026494,0.0445996,0.0015594,5,3,53,2,3,5,1851,15,150,0,1,1,1,0.00532683730853103,0.00264943281563757,0.00319618135020967,0.00400722952721821,0.00407690375812846,0,2.18234319504518e-11,1.0859325482007e-10,0.000164259756045037,0,2.60547627917163e-09,0.314180365078259,0,3.21046812745696e-09,
sliding_clean,2,8,1,0.1387427,0.0935784,0.0431153,0.0015202,4,3,53,2,3,5,1851,15,150,0,1,1,1,0.000756040107184933,0.000663029519832656,0.000104805659209639,0.00324495456203522,0.000273652411185296,0,6.70157263016335e-11,3.46989487344979e-10,0.000110563249171805,0,8.73118155553243e-09,0.0230794643381439,0,5.34754115988356e-09,
sliding_clean,2,9,1,0.1382199,0.0913636,0.0447099,0.0015995,4,3,53,2,3,5,1881,15,150,0,1,1,1,6.63179089980556e-05,0.000487114003541388,0.000438622329362199,0.00348982300076273,0.000400670267284785,0,1.37808875422252e-10,7.41504710514961e-10,0.000113882321373222,0,1.81967104995184e-08,0.0319459624632974,0,7.45881590519248e-09,
sliding_clean,2,10,1,0.1473493,0.1016553,0.0436368,0.0015265,5,3,51,2,3,5,1899,15,150,0,1,1,1,0.00426507841912911,0.00237960731366315,0.00221350563842751,0.00513677073573149,0.00298708241603527,0,2.33684183115201e-10,1.30535199612926e-09,0.000192953628986839,2.22044604925031e-16,2.60275723196202e-08,0.23012241415627,0,9.73119724948304e-09,
sliding_clean,2,11,1,0.1494372,0.1033526,0.0439699,0.0015781,5,3,59,2,3,5,1899,15,150,0,1,1,1,0.00478153230997214,0.00270525762975493,0.00243632415103987,0.00577690047495594,0.0033110022246881,0,3.6317970852906e-10,2.10115370995675e-09,0.000216356049807155,0,3.82666666132181e-08,0.25492280553361,0,1.18883545022208e-08,
sliding_clean,2,12,1,0.1388381,0.0919203,0.0448628,0.0015237,4,3,53,2,3,5,1899,15,150,0,1,1,1,0.000801816223039887,0.00106624465290926,0.000281913548014066,0.00509413082565402,0.000202667818642793,0,5.46329204098583e-10,3.26618628380084e-09,0.000169021759404137,0,6.84740052436794e-08,0.0213262174000197,0,1.38593775446425e-08,
s_channel_two_contact,1,1,1,1.4072195,0.0822863,1.3193363,0.0035268,5,60,1435,216,46,262,107866,1048,195,171,2,2,0,0.144170133485525,3.23508626262569,3.24398994782755,0.0932223871019302,6.87634191199994,3.06509315163329e-05,8.93543017355114e-11,1.55017864970318e-09,0.00106205534420139,2.46013375737003e-20,6.23808569244488e-08,99.8924183777981,0,651.349102752471,mechanics-iteration-limit;penetration;active-contact-tangency;fbg-mismatch;stage1-unobserved-twist;one-channel-observability
s_channel_two_contact,1,2,1,0.1872013,0.0694947,0.1105997,0.0062787,5,6,141,5,6,11,4442,44,195,0,2,2,1,0.640806849493514,2.82964790668999,2.82095474310456,0.0887379391983257,5.91269335833614,2.81372464378919e-05,7.71741781591118e-10,1.33516557061779e-08,0.00110082956632891,1.32693034941422e-19,4.7308723605255e-08,106.842419289714,1.41585572978904e-21,7.60679587613437e-09,penetration;active-contact-tangency;fbg-mismatch;stage1-unobserved-twist;one-channel-observability
s_channel_two_contact,1,3,1,0.2432244,0.1021517,0.1388813,0.0015517,5,8,381,7,8,15,5964,60,195,0,2,2,1,0.538740903562167,2.44279930523979,2.43519537047731,0.0732382671951464,5.09730243434853,3.43954439717352e-05,3.85458776008818e-10,6.44704925332622e-09,0.00108394776705588,6.81894837941931e-20,2.41215115936999e-08,92.1217055424699,2.47632035102354e-20,2.83495409018897e-08,penetration;active-contact-tangency;fbg-mismatch;stage1-unobserved-twist;one-channel-observability
s_channel_two_contact,1,4,1,0.3479881,0.072226,0.2738545,0.0013498,5,13,961,32,13,45,17298,180,195,20,2,2,1,0.427687926685266,1.98041711212279,1.97447297733955,0.0602267971942234,4.12230815258296,3.37205225512797e-05,2.37642794331805e-09,3.83704134744458e-08,0.00101807239630654,6.20737170601208e-19,1.56638915740914e-07,79.261865614492,1.18947138230697e-20,7.06764340767385e-08,penetration;active-contact-tangency;fbg-mismatch;stage1-unobserved-twist;one-channel-observability
s_channel_two_contact,1,5,1,0.153425,0.0715428,0.0798532,0.0014858,5,5,294,4,5,9,3462,36,195,0,2,2,1,0.308704532123479,1.23510058695056,1.23547924777519,0.0494360583297182,2.53912625468879,2.50113493720497e-05,9.65089199667091e-08,1.50148846159581e-06,0.000883458326019127,3.2277479400401e-18,7.93232425862211e-06,73.4968819064078,9.54915613203432e-19,9.89081042307265e-08,penetration;fbg-mismatch;stage1-unobserved-twist;one-channel-observability
s_channel_two_contact,1,6,1,1.2257761,0.0758505,1.1478291,0.0015135,5,60,2160,132,57,189,69912,756,195,76,2,2,0,2.17389773538266,1.80318168662474,1.57556216983686,0.0389615164154505,0.0138105022285205,0,6.07066397151357e-10,1.00378263777814e-08,0.000764514259999541,1.07353119271023e-17,3.47400048561486e-06,203.636527432859,4.02053277412476e-18,0.000102944380397929,mechanics-iteration-limit;fbg-mismatch;one-channel-observability;weak-contact-tip-separation
s_channel_two_contact,1,7,1,0.4675637,0.0701319,0.3945078,0.0023868,5,24,1097,41,23,64,23704,256,195,19,2,2,1,0.214083765749892,0.142463271428352,0.255544534977752,0.029215119292241,0.00550266826048748,5.48914722850805e-07,2.23749498928782e-08,3.21632044178713e-07,0.000566957661889294,1.80802328102148e-18,3.66485847439488e-06,68.9079221548935,7.27111016299076e-20,6.97902647650876e-08,fbg-mismatch;one-channel-observability;weak-contact-tip-separation
s_channel_two_contact,1,8,1,0.6910127,0.0699631,0.6191176,0.0013816,5,36,1479,69,35,104,38252,416,195,35,2,2,1,0.190657059534417,0.0948006981840766,0.213032032918899,0.0221305338039218,0.00635868679134309,8.00242964775488e-10,8.00243427079295e-10,1.10558638317134e-08,0.000462675788944427,1.86534619352856e-18,1.75237439169044e-06,61.3068740144441,0,2.11606995874315e-06,fbg-mismatch;one-channel-observability;weak-contact-tip-separation
s_channel_two_contact,1,9,1,0.5720298,0.0699001,0.5001405,0.0014214,5,31,1013,47,30,77,28424,308,195,18,2,2,1,0.158172310219887,0.0650185798744956,0.16464689620943,0.0179114801005104,0.0117040266677533,1.19149357394321e-09,1.19149312638456e-09,1.58185017445571e-08,0.000379304279718409,1.33391029155311e-18,4.2265477443274e-06,53.3706857071476,0,6.512674157369e-06,fbg-mismatch;one-channel-observability;weak-contact-tip-separation
s_channel_two_contact,1,10,1,0.8196835,0.0792283,0.7383415,0.0015624,6,47,1394,68,46,114,42042,456,195,23,2,2,1,0.186567263691966,0.0335613415505008,0.166237902116625,0.0163533999599191,0.0163012458913412,1.80800641819134e-09,1.80800618920784e-09,2.3015467561434e-08,0.000269450389828014,1.4312156459538e-17,3.97194116302403e-07,61.5374873459183,1.52207636801858e-21,8.4533235041595e-06,fbg-mismatch;one-channel-observability;weak-contact-tip-separation
s_channel_two_contact,1,11,1,1.0016243,0.0695655,0.9296475,0.001883,5,60,1500,70,61,131,48464,524,195,10,2,2,0,0.126849936683179,0.0529645037689852,0.112866058410835,0.0164175825766843,0.106978026440988,0,0.00273700450796355,0.189011478717085,0.000227408568178238,1.09853962362488e-16,0.00341293429024731,48.9296806377685,3.28516217251317e-18,1.16141566876282e-05,mechanics-iteration-limit;terminal-equilibrium;contact-projection;normal-complementarity;fbg-mismatch;stage1-unobserved-twist;one-channel-observability;weak-contact-tip-separation
s_channel_two_contact,1,12,1,0.3517594,0.060786,0.2888854,0.0015147,4,13,653,48,10,58,21106,232,195,39,2,2,1,0.321866374041793,0.0375190387086432,0.238133097935433,0.0170005727360655,0.0216547065685736,6.60674234070902e-10,1.68828051982928e-07,1.9629334890881e-06,0.000243829329394222,5.01862784454795e-19,9.21426436863333e-07,89.3311999150139,1.21228381290328e-20,1.374011731059e-07,fbg-mismatch;one-channel-observability;weak-contact-tip-separation
s_channel_two_contact,2,1,1,1.3033552,0.0714933,1.2300135,0.0013361,5,60,1435,216,46,262,107866,1048,195,171,2,2,0,0.144170133485525,3.23508626262569,3.24398994782755,0.0932223871019302,6.87634191199994,3.06509315163329e-05,8.93543017355114e-11,1.55017864970318e-09,0.00106205534420139,2.46013375737003e-20,6.23808569244488e-08,99.8924183777981,0,651.349102752471,mechanics-iteration-limit;penetration;active-contact-tangency;fbg-mismatch;stage1-unobserved-twist;one-channel-observability
s_channel_two_contact,2,2,1,0.1566272,0.070008,0.084826,0.0012643,5,6,141,5,6,11,4442,44,195,0,2,2,1,0.640806849493514,2.82964790668999,2.82095474310456,0.0887379391983257,5.91269335833614,2.81372464378919e-05,7.71741781591118e-10,1.33516557061779e-08,0.00110082956632891,1.32693034941422e-19,4.7308723605255e-08,106.842419289714,1.41585572978904e-21,7.60679587613437e-09,penetration;active-contact-tangency;fbg-mismatch;stage1-unobserved-twist;one-channel-observability
s_channel_two_contact,2,3,1,0.1960692,0.0697218,0.1243151,0.0014843,5,8,381,7,8,15,5964,60,195,0,2,2,1,0.538740903562167,2.44279930523979,2.43519537047731,0.0732382671951464,5.09730243434853,3.43954439717352e-05,3.85458776008818e-10,6.44704925332622e-09,0.00108394776705588,6.81894837941931e-20,2.41215115936999e-08,92.1217055424699,2.47632035102354e-20,2.83495409018897e-08,penetration;active-contact-tangency;fbg-mismatch;stage1-unobserved-twist;one-channel-observability
s_channel_two_contact,2,4,1,0.3310227,0.0691845,0.2599953,0.0013053,5,13,961,32,13,45,17298,180,195,20,2,2,1,0.427687926685266,1.98041711212279,1.97447297733955,0.0602267971942234,4.12230815258296,3.37205225512797e-05,2.37642794331805e-09,3.83704134744458e-08,0.00101807239630654,6.20737170601208e-19,1.56638915740914e-07,79.261865614492,1.18947138230697e-20,7.06764340767385e-08,penetration;active-contact-tangency;fbg-mismatch;stage1-unobserved-twist;one-channel-observability
s_channel_two_contact,2,5,1,0.1466268,0.0706748,0.0738744,0.0015472,5,5,294,4,5,9,3462,36,195,0,2,2,1,0.308704532123479,1.23510058695056,1.23547924777519,0.0494360583297182,2.53912625468879,2.50113493720497e-05,9.65089199667091e-08,1.50148846159581e-06,0.000883458326019127,3.2277479400401e-18,7.93232425862211e-06,73.4968819064078,9.54915613203432e-19,9.89081042307265e-08,penetration;fbg-mismatch;stage1-unobserved-twist;one-channel-observability
s_channel_two_contact,2,6,1,1.1988529,0.069596,1.1273925,0.001325,5,60,2160,132,57,189,69912,756,195,76,2,2,0,2.17389773538266,1.80318168662474,1.57556216983686,0.0389615164154505,0.0138105022285205,0,6.07066397151357e-10,1.00378263777814e-08,0.000764514259999541,1.07353119271023e-17,3.47400048561486e-06,203.636527432859,4.02053277412476e-18,0.000102944380397929,mechanics-iteration-limit;fbg-mismatch;one-channel-observability;weak-contact-tip-separation
s_channel_two_contact,2,7,1,0.4665449,0.0704197,0.3940037,0.0015694,5,24,1097,41,23,64,23704,256,195,19,2,2,1,0.214083765749892,0.142463271428352,0.255544534977752,0.029215119292241,0.00550266826048748,5.48914722850805e-07,2.23749498928782e-08,3.21632044178713e-07,0.000566957661889294,1.80802328102148e-18,3.66485847439488e-06,68.9079221548935,7.27111016299076e-20,6.97902647650876e-08,fbg-mismatch;one-channel-observability;weak-contact-tip-separation
s_channel_two_contact,2,8,1,0.8592787,0.0717727,0.7856474,0.001319,5,36,1479,69,35,104,38252,416,195,35,2,2,1,0.190657059534417,0.0948006981840766,0.213032032918899,0.0221305338039218,0.00635868679134309,8.00242964775488e-10,8.00243427079295e-10,1.10558638317134e-08,0.000462675788944427,1.86534619352856e-18,1.75237439169044e-06,61.3068740144441,0,2.11606995874315e-06,fbg-mismatch;one-channel-observability;weak-contact-tip-separation
s_channel_two_contact,2,9,1,0.5563418,0.0710533,0.4834337,0.0013147,5,31,1013,47,30,77,28424,308,195,18,2,2,1,0.158172310219887,0.0650185798744956,0.16464689620943,0.0179114801005104,0.0117040266677533,1.19149357394321e-09,1.19149312638456e-09,1.58185017445571e-08,0.000379304279718409,1.33391029155311e-18,4.2265477443274e-06,53.3706857071476,0,6.512674157369e-06,fbg-mismatch;one-channel-observability;weak-contact-tip-separation
s_channel_two_contact,2,10,1,0.8073593,0.0793958,0.7260156,0.0014207,6,47,1394,68,46,114,42042,456,195,23,2,2,1,0.186567263691966,0.0335613415505008,0.166237902116625,0.0163533999599191,0.0163012458913412,1.80800641819134e-09,1.80800618920784e-09,2.3015467561434e-08,0.000269450389828014,1.4312156459538e-17,3.97194116302403e-07,61.5374873459183,1.52207636801858e-21,8.4533235041595e-06,fbg-mismatch;one-channel-observability;weak-contact-tip-separation
s_channel_two_contact,2,11,1,1.0070862,0.0731455,0.9320087,0.0014009,5,60,1500,70,61,131,48464,524,195,10,2,2,0,0.126849936683179,0.0529645037689852,0.112866058410835,0.0164175825766843,0.106978026440988,0,0.00273700450796355,0.189011478717085,0.000227408568178238,1.09853962362488e-16,0.00341293429024731,48.9296806377685,3.28516217251317e-18,1.16141566876282e-05,mechanics-iteration-limit;terminal-equilibrium;contact-projection;normal-complementarity;fbg-mismatch;stage1-unobserved-twist;one-channel-observability;weak-contact-tip-separation
s_channel_two_contact,2,12,1,0.3257868,0.0609271,0.2625639,0.0017623,4,13,653,48,10,58,21106,232,195,39,2,2,1,0.321866374041793,0.0375190387086432,0.238133097935433,0.0170005727360655,0.0216547065685736,6.60674234070902e-10,1.68828051982928e-07,1.9629334890881e-06,0.000243829329394222,5.01862784454795e-19,9.21426436863333e-07,89.3311999150139,1.21228381290328e-20,1.374011731059e-07,fbg-mismatch;one-channel-observability;weak-contact-tip-separation
two_contact,1,1,1,0.2286193,0.1243969,0.1022323,0.001462,5,8,174,6,7,13,4948,52,195,0,2,2,1,0.602700699731997,0.416972939080025,0.363709998784075,0.0732382671949982,0.0563648505361109,3.19705229700814e-05,6.3486993440165e-12,1.39882241657031e-10,0.00103192058569615,4.28275748600187e-19,3.26792708588153e-08,101.059332421556,0,2.05410682152518e-07,penetration;active-contact-tangency;fbg-mismatch
two_contact,1,2,1,0.1936016,0.1210664,0.0706808,0.001324,5,5,106,4,5,9,3426,36,195,0,2,2,1,0.466165437265265,0.357475002732552,0.309946269968868,0.0602267971940701,0.0394747126053582,3.1781774790155e-05,8.45545855554519e-13,1.3661038980709e-11,0.000984573928953588,6.03742461809204e-20,1.21399522379217e-10,74.7834759241174,1.15443127859379e-23,1.60907875565441e-10,penetration;fbg-mismatch
two_contact,2,1,1,0.2255233,0.1228958,0.100554,0.0015014,5,8,174,6,7,13,4948,52,195,0,2,2,1,0.602700699731997,0.416972939080025,0.363709998784075,0.0732382671949982,0.0563648505361109,3.19705229700814e-05,6.3486993440165e-12,1.39882241657031e-10,0.00103192058569615,4.28275748600187e-19,3.26792708588153e-08,101.059332421556,0,2.05410682152518e-07,penetration;active-contact-tangency;fbg-mismatch
two_contact,2,2,1,0.2002161,0.1234692,0.0748776,0.0013235,5,5,106,4,5,9,3426,36,195,0,2,2,1,0.466165437265265,0.357475002732552,0.309946269968868,0.0602267971940701,0.0394747126053582,3.1781774790155e-05,8.45545855554519e-13,1.3661038980709e-11,0.000984573928953588,6.03742461809204e-20,1.21399522379217e-10,74.7834759241174,1.15443127859379e-23,1.60907875565441e-10,penetration;fbg-mismatch
three_contact,1,1,1,0.9164019,0.1185593,0.7952929,0.0020105,4,29,868,105,22,127,68832,762,240,84,3,3,1,3.92706926994227,0.532453259053392,2.83693874777883,0.204208660482949,0.322695203738189,2.67161833354254e-05,6.96731561333763e-10,2.04587167334825e-08,0.00112514762026843,1.7402348295058e-18,8.07751289855219e-07,527.494528354192,0,6.94197509387706e-06,penetration;active-contact-tangency;fbg-mismatch
three_contact,1,2,1,0.3637802,0.1325915,0.2278559,0.0025218,5,12,356,10,11,21,12018,126,240,0,3,3,1,3.97913464962465,0.604772493808652,2.73826597708867,0.194308185018166,0.317850767908328,2.71623001868448e-14,2.66453525910038e-14,8.07485908183635e-13,0.000548414834963738,2.34756544795747e-20,7.49622586226906e-12,507.237875902663,3.56077202820799e-23,1.37595906890553e-11,fbg-mismatch
three_contact,2,1,1,0.9039008,0.1178267,0.7834392,0.0020765,4,29,868,105,22,127,68832,762,240,84,3,3,1,3.92706926994227,0.532453259053392,2.83693874777883,0.204208660482949,0.322695203738189,2.67161833354254e-05,6.96731561333763e-10,2.04587167334825e-08,0.00112514762026843,1.7402348295058e-18,8.07751289855219e-07,527.494528354192,0,6.94197509387706e-06,penetration;active-contact-tangency;fbg-mismatch
three_contact,2,2,1,0.3790011,0.1376516,0.2385955,0.0021703,5,12,356,10,11,21,12018,126,240,0,3,3,1,3.97913464962465,0.604772493808652,2.73826597708867,0.194308185018166,0.317850767908328,2.71623001868448e-14,2.66453525910038e-14,8.07485908183635e-13,0.000548414834963738,2.34756544795747e-20,7.49622586226906e-12,507.237875902663,3.56077202820799e-23,1.37595906890553e-11,fbg-mismatch
spatial_sliding,1,1,1,0.5129498,0.1283232,0.3826786,0.0014001,5,24,657,32,23,55,20728,220,195,10,2,2,1,0.870691850581103,0.411154379699248,0.0765412204944255,0.0725359898318965,0.0557159933217704,3.00243887529188e-05,4.75997385951388e-09,1.06594064394729e-09,0.000996167516630168,5.05672481665442e-09,2.27754877804576e-08,96.4707739945528,0,2.13716582362668e-07,penetration;fbg-mismatch;slip-history-unavailable;stage1-unobserved-twist
spatial_sliding,1,2,1,0.2587246,0.1247094,0.1321897,0.0012899,5,10,252,8,9,17,6470,68,195,0,2,2,1,0.564865108159956,0.379670798184402,0.329610192354112,0.0725387481860806,0.0557626247420896,3.15547351703322e-05,8.56434079470753e-11,1.47282971083512e-10,0.00102960224411169,5.63626922911453e-12,3.34175225130684e-08,100.75079588417,0,2.08399278810861e-07,penetration;active-contact-tangency;fbg-mismatch;stage1-unobserved-twist
spatial_sliding,2,1,1,0.4884327,0.1239494,0.36242,0.0015438,5,24,657,32,23,55,20728,220,195,10,2,2,1,0.870691850581103,0.411154379699248,0.0765412204944255,0.0725359898318965,0.0557159933217704,3.00243887529188e-05,4.75997385951388e-09,1.06594064394729e-09,0.000996167516630168,5.05672481665442e-09,2.27754877804576e-08,96.4707739945528,0,2.13716582362668e-07,penetration;fbg-mismatch;slip-history-unavailable;stage1-unobserved-twist
spatial_sliding,2,2,1,0.2596983,0.1254676,0.1321679,0.001532,5,10,252,8,9,17,6470,68,195,0,2,2,1,0.564865108159956,0.379670798184402,0.329610192354112,0.0725387481860806,0.0557626247420896,3.15547351703322e-05,8.56434079470753e-11,1.47282971083512e-10,0.00102960224411169,5.63626922911453e-12,3.34175225130684e-08,100.75079588417,0,2.08399278810861e-07,penetration;active-contact-tangency;fbg-mismatch;stage1-unobserved-twist
spatial_sliding_noisy,1,1,1,0.3284353,0.107464,0.2191715,0.0012869,4,14,376,20,14,34,12718,136,195,7,2,2,1,0.650836670915241,0.266767432324017,0.661717342357217,0.0726450560206537,0.0665172299929384,4.21834576656418e-05,3.55306124966148e-07,3.31804707059962e-09,0.00115683920246256,3.604280300884e-07,1.04038529874506e-08,1.11444204053817,0,5.98600153114115e-07,penetration;active-contact-tangency;slip-history-unavailable;stage1-unobserved-twist
spatial_sliding_noisy,1,2,1,0.2721878,0.1087513,0.1615459,0.0013375,4,9,218,19,8,27,10224,108,195,12,2,2,1,1.47343594274365,1.11797960196956,1.16210133518653,0.0392581412288073,0.0321898896939569,1.931316540019e-05,1.84894407451175e-07,1.58054180867786e-06,0.00101396500262601,1.83507155249174e-07,1.39315933855855e-06,1.01707186250922,0,8.34397974457547e-07,penetration;active-contact-tangency;stage1-unobserved-twist
spatial_sliding_noisy,2,1,1,0.3340938,0.1086642,0.223484,0.0014049,4,14,376,20,14,34,12718,136,195,7,2,2,1,0.650836670915241,0.266767432324017,0.661717342357217,0.0726450560206537,0.0665172299929384,4.21834576656418e-05,3.55306124966148e-07,3.31804707059962e-09,0.00115683920246256,3.604280300884e-07,1.04038529874506e-08,1.11444204053817,0,5.98600153114115e-07,penetration;active-contact-tangency;slip-history-unavailable;stage1-unobserved-twist
spatial_sliding_noisy,2,2,1,0.2637228,0.108251,0.1534601,0.0014688,4,9,218,19,8,27,10224,108,195,12,2,2,1,1.47343594274365,1.11797960196956,1.16210133518653,0.0392581412288073,0.0321898896939569,1.931316540019e-05,1.84894407451175e-07,1.58054180867786e-06,0.00101396500262601,1.83507155249174e-07,1.39315933855855e-06,1.01707186250922,0,8.34397974457547e-07,penetration;active-contact-tangency;stage1-unobserved-twist
spatial_three_channel,1,1,1,1.2943465,0.1770905,1.1099736,0.0045243,5,60,1465,151,57,208,77440,832,195,95,2,2,0,0.881331591366929,0.420449022623927,0.0952901999422517,0.0732334886940335,0.0555453028294446,3.00078899342828e-05,6.62144783447616e-10,1.67115369653257e-11,0.000990113398158518,6.89568402378882e-10,6.54864357185758e-10,79.9534523968217,0,4.71664899948099e-05,mechanics-iteration-limit;penetration;fbg-mismatch;slip-history-unavailable
spatial_three_channel,1,2,1,0.3134115,0.1784717,0.1330235,0.0013707,5,10,255,8,9,17,6470,68,195,0,2,2,1,0.479526765705954,0.304806672157772,0.261093604854238,0.0732370034236118,0.0564939122156449,3.22273030326108e-05,1.08748806190901e-10,1.90713691814013e-10,0.00103775199325409,8.09508016175187e-12,4.63007878911958e-08,83.2616482156114,0,2.20064661411723e-07,penetration;active-contact-tangency;fbg-mismatch
spatial_three_channel,2,1,1,1.3327096,0.1781303,1.152553,0.0014577,5,60,1465,151,57,208,77440,832,195,95,2,2,0,0.881331591366929,0.420449022623927,0.0952901999422517,0.0732334886940335,0.0555453028294446,3.00078899342828e-05,6.62144783447616e-10,1.67115369653257e-11,0.000990113398158518,6.89568402378882e-10,6.54864357185758e-10,79.9534523968217,0,4.71664899948099e-05,mechanics-iteration-limit;penetration;fbg-mismatch;slip-history-unavailable
spatial_three_channel,2,2,1,0.3151836,0.1811484,0.1318885,0.0015448,5,10,255,8,9,17,6470,68,195,0,2,2,1,0.479526765705954,0.304806672157772,0.261093604854238,0.0732370034236118,0.0564939122156449,3.22273030326108e-05,1.08748806190901e-10,1.90713691814013e-10,0.00103775199325409,8.09508016175187e-12,4.63007878911958e-08,83.2616482156114,0,2.20064661411723e-07,penetration;active-contact-tangency;fbg-mismatch
free_space,1,1,1,0.0902379,0.0366785,0.0471429,0.0054011,0,3,26,2,3,5,1564,10,105,0,0,0,1,0,1.55272778114728e-09,1.55272778114728e-09,0,2.15607977316944e-08,0,0,0,0,0,1.12623035897208e-11,4.74021945864758e-07,0,2.2259005358693e-12,stage1-unobserved-twist
free_space,1,2,1,0.0695156,0.030393,0.0376058,0.0009888,0,3,26,2,3,5,1528,10,105,0,0,0,1,0,6.14503925954208e-10,6.14503925954208e-10,0,2.14886486266067e-08,0,0,0,0,0,1.12681461383879e-11,2.2656456714043e-07,0,2.22589779149148e-12,stage1-unobserved-twist
free_space,2,1,1,0.0708817,0.0302868,0.038985,0.0010173,0,3,26,2,3,5,1564,10,105,0,0,0,1,0,1.55272778114728e-09,1.55272778114728e-09,0,2.15607977316944e-08,0,0,0,0,0,1.12623035897208e-11,4.74021945864758e-07,0,2.2259005358693e-12,stage1-unobserved-twist
free_space,2,2,1,0.0658898,0.0291438,0.0353134,0.0009453,0,3,26,2,3,5,1528,10,105,0,0,0,1,0,6.14503925954208e-10,6.14503925954208e-10,0,2.14886486266067e-08,0,0,0,0,0,1.12681461383879e-11,2.2656456714043e-07,0,2.22589779149148e-12,stage1-unobserved-twist
