scenario,mode,seconds,iterations,converged,contactErrorN,tipErrorN,fbgRms,penetrationMm,tangency,projectionN,stationarity,reason,flags
sliding_clean,estimated,0.0844278,3,1,0.000366648747127415,0.000147855685456035,0.02391935506411,0,5.7928237200065e-06,6.70308253347685e-11,6.12991896825621e-09,stationary-and-feasible,
sliding_clean,oracle-geometry,0.0545301,3,1,1.62730427300604e-05,1.10064973495433e-05,0.000128821341854847,0,4.29503040771939e-09,6.76152467349311e-11,6.16624139943012e-09,stationary-and-feasible,
s_channel_two_contact,estimated,1.2909558,60,0,0.144170133485525,3.23508626262569,99.8924183777981,3.06509315163329e-05,0.00106205534420139,8.93543017355114e-11,651.349102752471,iteration-limit,mechanics-iteration-limit;penetration;active-contact-tangency;fbg-mismatch;stage1-unobserved-twist;one-channel-observability
s_channel_two_contact,oracle-geometry,0.0739588,5,1,9.86796322672333e-05,0.0712418428506066,0.100824000827907,1.32095223648321e-09,6.62450371849421e-08,3.27325864191153e-08,1.47580516673962e-06,stationary-and-feasible,stage1-unobserved-twist;one-channel-observability
two_contact,estimated,0.0998149,8,1,0.602700699731997,0.416972939080025,101.059332421556,3.19705229700814e-05,0.00103192058569615,6.3486993440165e-12,2.05410682152518e-07,stationary-and-feasible,penetration;active-contact-tangency;fbg-mismatch
two_contact,oracle-geometry,0.0575055,4,1,2.71509477725633e-06,2.53361208027136e-06,0.000130848953553778,1.26654242649238e-11,4.82274123414506e-10,1.26654242649238e-11,4.8731527168229e-09,stationary-and-feasible,
three_contact,estimated,0.8116327,29,1,3.92706926994227,0.532453259053392,527.494528354192,2.67161833354254e-05,0.00112514762026843,6.96731561333763e-10,6.94197509387706e-06,stationary-and-feasible,penetration;active-contact-tangency;fbg-mismatch
three_contact,oracle-geometry,0.1453091,7,1,2.47275403243704e-06,1.83372313255595e-06,8.79259850937136e-05,2.14308570889443e-10,6.70065357366578e-11,1.42685152582089e-09,2.28212485367529e-10,stationary-and-feasible,
spatial_sliding,estimated,0.3668591,24,1,0.870691850581103,0.411154379699248,96.4707739945528,3.00243887529188e-05,0.000996167516630168,4.75997385951388e-09,2.13716582362668e-07,stationary-and-feasible,penetration;fbg-mismatch;slip-history-unavailable;stage1-unobserved-twist
spatial_sliding,oracle-geometry,0.5321017,34,1,0.0296025620264951,0.00135985519978183,0.613679259528393,2.45297115952781e-11,1.45567795555978e-06,9.75859374641175e-07,1.11088650753786e-06,stationary-and-feasible,slip-history-unavailable;stage1-unobserved-twist
