scene,method,seed,noiseStdPerMm,contactRmseN,totalRmseN,tipRmseN,arcRmseMm,reviewFrames,countMatches,wallSeconds,coveredComponents,eligibleComponents,unresolvedComponents,unmatchedFrames,meanIntervalWidthN,solverExitflag,maxConfiguredViolation,maxWhitenedCurvatureRms,observationFitWarning,odeEvaluations,odeCacheHits
three_contact,no_camera,11,5e-05,0.39420366171876214,0.6205483209819206,0.5375885130597634,0.056721314629596946,0,True,170.5730239,24,24,0,0,1.7094094730761704,1,5.176566151248067e-11,1.168086722593651,False,16815,28557
three_contact,full,11,5e-05,0.37994680644083945,0.6026879426332108,0.5431739917564581,0.0162631266798414,0,True,144.5505294,24,24,0,0,1.5361328222560893,1,2.763717256461734e-11,1.1712950502466453,False,15096,24868
three_contact,no_temporal,11,5e-05,0.4878738496977799,0.663739038843059,0.6000791522930492,0.015756866955880047,0,True,111.2234851,24,24,0,0,1.995900465142114,1,1.5940042780975755e-11,1.171609784170228,False,11538,18658
three_contact,cone_only,11,5e-05,0.37999910016320687,0.6027492968912288,0.5432755908461491,0.016262724606175227,0,True,134.0845276,24,24,0,0,1.5361300298886615,1,9.26549239407381e-11,1.1712955440400985,False,13872,20568
three_contact,no_geometry,11,5e-05,0.39680159611170296,0.6267263272427243,0.5132262958338423,0.1614217262087618,0,True,102.7249808,24,24,0,0,1.6123643224633175,1,1.1372847108503947e-14,1.1694382896304447,False,10345,16535
three_contact,legacy_partitions,11,5e-05,0.3799487455968214,0.6026903682110838,0.5431775045456875,0.016263163332481807,0,True,148.077716,24,24,0,0,1.536132815022756,1,2.788354342702857e-09,1.1712950517855145,False,15334,25238
three_contact,no_camera,11,2.5e-05,0.22236130908286636,0.3468911866894534,0.3171209202401638,0.033516892114802896,0,True,234.8375204,24,24,0,0,0.9370638691062089,1,8.56383973509534e-11,1.1677115356296213,False,26268,45040
three_contact,full,11,2.5e-05,0.2240802240030457,0.342128632731284,0.3204682607590766,0.012241722947831804,0,True,145.4930207,24,24,0,0,0.8797769081051984,1,4.776752204485577e-12,1.169824412300049,False,15341,24999
three_contact,no_temporal,11,2.5e-05,0.2374305621549192,0.3465802938490946,0.32458248663257355,0.012126823925162284,0,True,131.0676345,24,24,0,0,1.0577056250208352,1,8.264669796898751e-12,1.1698768503329011,False,13691,22185
three_contact,cone_only,11,2.5e-05,0.22408248725581603,0.3421266176298401,0.32047378182824066,0.012241674599164094,0,True,123.7271802,24,24,0,0,0.8797768469156696,1,4.0249654534890015e-12,1.1698254978023213,False,13390,19560
three_contact,no_geometry,11,2.5e-05,0.2195258806224027,0.3545682819432118,0.30642518864590085,0.08472469343262896,0,True,98.6889497,24,24,0,0,0.9337570839090295,1,1.7430501486614958e-14,1.1683436076346785,False,10504,16656
three_contact,legacy_partitions,11,2.5e-05,0.22407991541663075,0.34212789914874575,0.3204673010189175,0.01224171228727493,0,True,146.6623946,24,24,0,0,0.8797769073953435,1,3.45826792864879e-12,1.1698244195333194,False,14761,23905
three_contact,no_camera,11,0,9.60736305914566e-07,1.2636517422510677e-06,1.261252002766639e-06,1.000592476909615e-08,0,True,87.7916581,0,0,0,0,[],2,1.7925879307498868e-09,7.590858595346613e-05,False,9743,14565
three_contact,full,11,0,9.108329943367407e-07,1.1962710605949453e-06,1.186654182996355e-06,1.2187005038021769e-08,0,True,114.6906828,0,0,0,0,[],2,1.8694345902393263e-09,7.169663964008498e-05,False,11007,16779
three_contact,no_temporal,11,0,6.740671594325452e-07,8.509840277662921e-07,8.746223682293296e-07,1.140084556827484e-08,0,True,96.5801483,0,0,0,0,[],2,1.7159449693940104e-07,5.901908504551453e-05,False,10343,15305
three_contact,cone_only,11,0,8.203080061638831e-07,1.0284417069912205e-06,1.0499302564725632e-06,1.313879087825233e-08,0,True,90.0946264,0,0,0,0,[],2,2.7066439009336384e-08,6.981839547331045e-05,False,9830,12954
three_contact,no_geometry,11,0,3.7248473505435325e-06,4.4806494203295865e-06,3.155326434987177e-06,2.068467072673285e-07,0,True,55.021924,0,0,0,0,[],2,0,0.00023040533407516755,False,5645,9645
three_contact,legacy_partitions,11,0,8.301300948208277e-07,1.0978172746243028e-06,1.0979596552359457e-06,1.594424101021658e-08,0,True,102.9070542,0,0,0,0,[],2,2.430312324657768e-09,5.9666600844511183e-05,False,11029,16287
three_contact,no_camera,23,5e-05,0.2213851200754128,0.414609116247464,0.16924611608575627,0.12048464917706483,0,True,171.0792342,24,24,0,0,1.7100614876343803,1,1.490360901038401e-09,1.027704457951659,False,16881,28683
three_contact,full,23,5e-05,0.1058666724686642,0.2510617018219604,0.1721980309446835,0.026109913923653187,0,True,134.239135,24,24,0,0,1.5370440519504533,1,5.860025297352493e-09,1.0477086571688319,False,14175,23217
three_contact,no_temporal,23,5e-05,0.566036667258505,0.9211940105729216,0.9168972609832658,0.02806901913443415,0,True,124.3298332,24,24,0,0,1.9972969537448328,1,1.345032449772198e-09,1.0446667688005664,False,13086,21328
three_contact,cone_only,23,5e-05,0.10585873493694131,0.2511048434920273,0.17225333091625702,0.026109700559741947,0,True,122.4840115,24,24,0,0,1.5370437955751861,1,1.0920712962347269e-10,1.0476970438862865,False,12780,18888
three_contact,no_geometry,23,5e-05,0.13073748835704152,0.2194098985296583,0.1618578899379598,0.2731238843719094,0,True,102.4765593,24,24,0,0,1.6125583121416114,1,1.6091294963160863e-14,1.0329636143886811,False,10384,16658
three_contact,legacy_partitions,23,5e-05,0.10586568314246499,0.25107328165693943,0.17220881265076332,0.026109938283496153,0,True,139.8471423,24,24,0,0,1.5370440485299122,1,6.472078563886634e-09,1.0477085333945537,False,14603,24009
three_contact,no_camera,23,2.5e-05,0.16440638098212862,0.32253041195011356,0.20363336786718358,0.06987706781258257,0,True,133.7377636,24,24,0,0,0.9372826853870615,1,1.093570064822368e-10,1.025598313189359,False,15173,25327
three_contact,full,23,2.5e-05,0.09833120180775692,0.22854679293778082,0.17265466779013347,0.02604983274916685,0,True,149.8799164,24,24,0,0,0.8800831435188311,1,9.227907440490039e-12,1.0348486894422708,False,16180,26348
three_contact,no_temporal,23,2.5e-05,0.3629235897819794,0.5760099567025537,0.5489642428808521,0.028164141861223423,0,True,130.4930007,24,24,0,0,1.058151330174989,1,7.904733387200038e-11,1.0321278250802712,False,13855,22553
three_contact,cone_only,23,2.5e-05,0.09833111996745227,0.22854484654312135,0.17265389068887615,0.02604984913923364,0,True,127.7409508,24,24,0,0,0.8800831245755761,1,1.686446822417946e-10,1.0348433042450265,False,13709,20117
three_contact,no_geometry,23,2.5e-05,0.12057477001226255,0.20306060848876856,0.1734983809640366,0.14500767169256307,0,True,97.3320212,24,24,0,0,0.9337519756662878,1,6.684583442329028e-14,1.0223003928829104,False,10512,16656
three_contact,legacy_partitions,23,2.5e-05,0.09832962522746165,0.22854631720063542,0.17265395369903289,0.026049805533771432,0,True,154.929737,24,24,0,0,0.8800831422050579,1,2.3294557336505443e-11,1.034848640123933,False,16073,26223
three_contact,no_camera,23,0,9.60736305914566e-07,1.2636517422510677e-06,1.261252002766639e-06,1.000592476909615e-08,0,True,88.8869492,0,0,0,0,[],2,1.7925879307498868e-09,7.590858595346613e-05,False,9743,14565
three_contact,full,23,0,9.108329943367407e-07,1.1962710605949453e-06,1.186654182996355e-06,1.2187005038021769e-08,0,True,117.8318559,0,0,0,0,[],2,1.8694345902393263e-09,7.169663964008498e-05,False,11007,16779
three_contact,no_temporal,23,0,6.740671594325452e-07,8.509840277662921e-07,8.746223682293296e-07,1.140084556827484e-08,0,True,95.5358575,0,0,0,0,[],2,1.7159449693940104e-07,5.901908504551453e-05,False,10343,15305
three_contact,cone_only,23,0,8.203080061638831e-07,1.0284417069912205e-06,1.0499302564725632e-06,1.313879087825233e-08,0,True,89.4335457,0,0,0,0,[],2,2.7066439009336384e-08,6.981839547331045e-05,False,9830,12954
three_contact,no_geometry,23,0,3.7248473505435325e-06,4.4806494203295865e-06,3.155326434987177e-06,2.068467072673285e-07,0,True,53.5371344,0,0,0,0,[],2,0,0.00023040533407516755,False,5645,9645
three_contact,legacy_partitions,23,0,8.301300948208277e-07,1.0978172746243028e-06,1.0979596552359457e-06,1.594424101021658e-08,0,True,110.1855391,0,0,0,0,[],2,2.430312324657768e-09,5.9666600844511183e-05,False,11029,16287
three_contact,no_camera,37,5e-05,0.7171429892673694,1.039360148643099,0.7580484715672586,0.1417587438876319,0,True,277.9785997,24,24,0,0,1.7093124563249227,1,6.659183529153196e-09,0.9188168348821956,False,28135,48117
three_contact,full,37,5e-05,0.4786582939612236,0.5881937925555392,0.5058033609541958,0.037291467089772684,0,True,139.5980062,24,24,0,0,1.538152671753348,1,3.372592621472348e-12,0.9491678548611303,False,14613,24009
three_contact,no_temporal,37,5e-05,0.8285336201542722,1.195703863275706,1.2794833608590515,0.037751964861135384,0,True,142.6361903,24,24,0,0,1.9989964493062677,1,2.2619404755562378e-11,0.9394588359864373,False,14717,24253
three_contact,cone_only,37,5e-05,0.47860212423407056,0.5881291498506885,0.5057328169196365,0.037291268662517175,0,True,121.5677033,24,24,0,0,1.538151755218304,1,2.61338652849424e-10,0.9491719973355508,False,12600,18552
three_contact,no_geometry,37,5e-05,0.724707930464789,0.7666288144156802,0.8856015294071912,0.27707600243444347,0,True,99.0235495,24,24,0,0,1.6125428334306458,1,0,0.9098788645605236,False,10424,16654
three_contact,legacy_partitions,37,5e-05,0.4786586069116837,0.5881949763339513,0.5058039288613502,0.03729159065176788,0,True,136.5766009,24,24,0,0,1.5381526766105411,1,2.5596621216108065e-11,0.9491678253229235,False,14678,24130
three_contact,no_camera,37,2.5e-05,0.4081905204815749,0.6010188609403105,0.48540643570710373,0.0736598951755594,0,True,256.6884601,24,24,0,0,0.9368997162152471,1,3.03965864694445e-10,0.9133029926439549,False,28412,48852
three_contact,full,37,2.5e-05,0.3231277766734747,0.45250310153334344,0.40524507095752843,0.03642072498476533,0,True,147.3507872,24,24,0,0,0.8806553456844936,1,1.3169166837294357e-09,0.9277278629600411,False,15418,24992
three_contact,no_temporal,37,2.5e-05,0.5321869520368007,0.7534250308016626,0.7753915880469001,0.03687787542558742,0,True,137.6058888,24,24,0,0,1.0589716071192197,1,2.960386076952401e-09,0.9210200138236382,False,14822,24252
three_contact,cone_only,37,2.5e-05,0.32310333310817274,0.4524684429610114,0.4051914246023442,0.03642334627806767,0,True,126.0796143,24,24,0,0,0.8806554054949102,1,1.2384774721470823e-09,0.9277296941208453,False,13370,19558
three_contact,no_geometry,37,2.5e-05,0.41801722834213395,0.471946471175786,0.536811177649534,0.16801892140432437,0,True,99.7519718,24,24,0,0,0.933835564145212,1,1.1799311527838086e-12,0.9023919577562931,False,10230,16166
three_contact,legacy_partitions,37,2.5e-05,0.32311537494959836,0.4524864662163171,0.40521307966063713,0.036423421671813956,0,True,147.3169164,24,24,0,0,0.8806554006134172,1,3.842133469156285e-09,0.927727369190392,False,15410,24880
three_contact,no_camera,37,0,9.60736305914566e-07,1.2636517422510677e-06,1.261252002766639e-06,1.000592476909615e-08,0,True,86.4879189,0,0,0,0,[],2,1.7925879307498868e-09,7.590858595346613e-05,False,9743,14565
three_contact,full,37,0,9.108329943367407e-07,1.1962710605949453e-06,1.186654182996355e-06,1.2187005038021769e-08,0,True,114.6467584,0,0,0,0,[],2,1.8694345902393263e-09,7.169663964008498e-05,False,11007,16779
three_contact,no_temporal,37,0,6.740671594325452e-07,8.509840277662921e-07,8.746223682293296e-07,1.140084556827484e-08,0,True,96.4967329,0,0,0,0,[],2,1.7159449693940104e-07,5.901908504551453e-05,False,10343,15305
three_contact,cone_only,37,0,8.203080061638831e-07,1.0284417069912205e-06,1.0499302564725632e-06,1.313879087825233e-08,0,True,87.0528453,0,0,0,0,[],2,2.7066439009336384e-08,6.981839547331045e-05,False,9830,12954
three_contact,no_geometry,37,0,3.7248473505435325e-06,4.4806494203295865e-06,3.155326434987177e-06,2.068467072673285e-07,0,True,47.169803,0,0,0,0,[],2,0,0.00023040533407516755,False,5645,9645
three_contact,legacy_partitions,37,0,8.301300948208277e-07,1.0978172746243028e-06,1.0979596552359457e-06,1.594424101021658e-08,0,True,92.5477927,0,0,0,0,[],2,2.430312324657768e-09,5.9666600844511183e-05,False,11029,16287
spatial_sliding,no_camera,11,5e-05,0.4228721645094253,0.5155167017754666,0.40616458282605106,0.1515972941023764,1,True,533.2372594,18,18,0,0,3.633949176893322,1,1.0013871422642542e-06,1.1789794267311646,False,65896,107856
spatial_sliding,full,11,5e-05,0.18264521900062322,0.22973004558089316,0.11711894196270747,0.018495988487372085,1,True,175.9709649,18,18,0,0,3.0770206556307187,1,7.770884157736613e-12,1.1831721400368234,False,21221,32835
spatial_sliding,no_temporal,11,5e-05,0.19341596071403658,0.2181403624613261,0.23193030733051737,0.018324563964713127,1,True,161.1091946,18,18,0,0,3.5139780618662897,1,3.00438638418011e-12,1.1833220438589425,False,20391,31687
spatial_sliding,cone_only,11,5e-05,0.41680295897371,0.4627044965768985,0.23532374999046576,0.018919337418674232,0,True,89.8362002,18,18,0,0,1.7895040804260982,1,3.379228333688517e-12,1.18316095152621,False,11546,16952
spatial_sliding,no_geometry,11,5e-05,0.2779082526393379,0.2799058352450185,0.35047154636349387,0.17014736462978494,1,True,166.208479,18,18,0,0,3.5747158572485467,1,1.2079226507921703e-13,1.1800689323044546,False,21431,32245
spatial_sliding,legacy_partitions,11,5e-05,0.1826458275000729,0.2297309549784072,0.11711737877747341,0.018496011534494906,1,True,160.3398389,18,18,0,0,3.0770206544263154,1,3.0384258204308813e-12,1.1831721271051796,False,19813,30577
spatial_sliding,no_camera,11,2.5e-05,0.41900840430758246,0.6021836351430674,0.20139738715283317,0.07804499320062894,1,True,237.9251955,18,18,0,0,1.950032278378148,1,9.666155651855419e-13,1.1705462012109968,False,31559,51571
spatial_sliding,full,11,2.5e-05,0.13124195985225048,0.1637333009773225,0.10391138215060969,0.013888453060397512,1,True,178.938047,18,18,0,0,1.6898454155052187,1,4.27879961198378e-13,1.1815700701008314,False,21488,33304
spatial_sliding,no_temporal,11,2.5e-05,0.12917977294585964,0.15461869554322788,0.1193471569646174,0.013714146372406498,1,True,171.7718487,18,18,0,0,1.8526883467213362,1,8.839835394796804e-11,1.1816216364256908,False,21657,33829
spatial_sliding,cone_only,11,2.5e-05,0.22955901485308805,0.23639966984577032,0.16196352907382244,0.013867060858584291,0,True,123.99813,18,18,0,0,1.0053298736734988,1,6.895528991775306e-13,1.1815227416646723,False,15791,23049
spatial_sliding,no_geometry,11,2.5e-05,0.17650861026182457,0.19005355087294096,0.2201126577620966,0.08778583253853635,1,True,177.0385801,18,18,0,0,1.926850105079509,1,1.0158540675320182e-14,1.1796720589130234,False,22491,33979
spatial_sliding,legacy_partitions,11,2.5e-05,0.13124045198464376,0.16373110506524405,0.10391006841758245,0.013888408953239936,1,True,145.6798809,18,18,0,0,1.6898454073698013,1,2.7236518691326263e-11,1.181570078628137,False,20803,31859
spatial_sliding,no_camera,11,0,7.783221799844735e-07,1.2156208470746973e-06,2.0672540506821025e-07,5.853604979530818e-08,1,True,354.0729154,0,0,0,0,[],2,2.9210879425069147e-13,4.6440410441032414e-05,False,58925,92141
spatial_sliding,full,11,0,7.493300011534844e-07,1.2374438818992932e-06,2.46239317923281e-07,4.140890249335936e-08,1,True,132.4083147,0,0,0,0,[],2,7.368212151526166e-10,4.531081303331687e-05,False,21927,29207
spatial_sliding,no_temporal,11,0,7.589312077400183e-07,1.242713482124686e-06,2.356308982134144e-07,4.4824092379697065e-08,1,True,369.2492558,0,0,0,0,[],2,1.2532006065333155e-13,4.4713866401417634e-05,False,58740,91722
spatial_sliding,cone_only,11,0,8.105626650939269e-07,1.3775778022960597e-06,2.7902822711159765e-07,3.399096164991102e-08,0,True,77.4445999,0,0,0,0,[],2,6.372656055842056e-10,4.620791760329179e-05,False,13160,16716
spatial_sliding,no_geometry,11,0,7.826726118413692e-07,1.2412389577773677e-06,2.131188915301209e-07,5.425488232144509e-08,1,True,95.1021612,0,0,0,0,[],2,2.329890217453299e-08,4.552559167251084e-05,False,17300,24594
spatial_sliding,legacy_partitions,11,0,6.889154875783679e-07,1.0947546780439208e-06,3.134720037604235e-07,3.541172661126272e-08,2,True,194.8324021,0,0,0,0,[],-2,7.004454904239814e-05,4.416792111643279e-05,False,33156,49408
spatial_sliding,no_camera,23,5e-05,1.251920862066842,1.579897744748834,1.1587954583401259,0.358808419713355,1,True,446.1553934,18,18,0,0,3.6511686643743104,1,1.000000000007624e-06,1.035028930665546,False,55296,93112
spatial_sliding,full,23,5e-05,0.6744874975210379,0.6879778320146129,0.5652122467920344,0.036012962656507094,1,True,137.3410044,18,18,0,0,2.1967638203821833,1,6.189611980754553e-11,1.0496737433732264,False,16782,25896
spatial_sliding,no_temporal,23,5e-05,1.3829529014469002,1.6258505267341634,1.5891970937620212,0.028857818791404838,1,True,160.2050866,18,18,0,0,2.6116437019394962,1,5.4484871758627376e-12,1.0422059398159351,False,19761,30981
spatial_sliding,cone_only,23,5e-05,0.6746265872570998,0.6879050850356555,0.5661217079849955,0.0360160180882614,0,True,114.0891555,18,18,0,0,1.6080577477582303,1,8.218976462628943e-12,1.0496860174062275,False,14780,21544
spatial_sliding,no_geometry,23,5e-05,1.0065314614773044,1.101152005171131,1.0878106907837877,0.388246013123634,1,True,109.9985725,18,18,0,0,2.519222518887463,1,2.511882712020938e-15,1.0356268606488581,False,14048,21716
spatial_sliding,legacy_partitions,23,5e-05,0.6744874405190366,0.6879777914805593,0.5652121782517413,0.036012961517955154,1,True,156.8102252,18,18,0,0,2.196763814621947,1,2.4849027128039617e-11,1.0496737387326833,False,19884,30818
spatial_sliding,no_camera,23,2.5e-05,0.7398372144189987,1.1311023340743802,0.5771567365332296,0.17205877476098072,1,True,161.4657338,18,18,0,0,1.9515184597815889,1,1.126362092928483e-12,1.031848935894362,False,22183,36247
spatial_sliding,full,23,2.5e-05,0.4278829223781683,0.44820717051449926,0.39538134018010107,0.027958495410214754,1,True,121.9980996,18,18,0,0,1.2111304715362567,1,7.766990962965018e-12,1.037062181290391,False,15807,24173
spatial_sliding,no_temporal,23,2.5e-05,0.7007405365811138,0.7964096703618926,0.7910614335440364,0.02344586692969224,1,True,133.0976175,18,18,0,0,1.3704882745465619,1,3.5052940084395583e-10,1.0343747221271236,False,16823,26091
spatial_sliding,cone_only,23,2.5e-05,0.4278945634830677,0.44815520991764235,0.39557811403682935,0.027960961100093874,0,True,119.8589343,18,18,0,0,0.9254812597199401,1,2.0351914576127228e-11,1.0370678201176473,False,14940,21572
spatial_sliding,no_geometry,23,2.5e-05,0.5561279866868585,0.6264903191047019,0.6084400624115688,0.19501845816642013,1,True,104.4930324,18,18,0,0,1.3875667188274752,1,5.734301922188934e-14,1.0330981017868295,False,12903,19385
spatial_sliding,legacy_partitions,23,2.5e-05,0.4278833942499738,0.4482076851307671,0.3953818130861704,0.027958490613848003,1,True,146.2829646,18,18,0,0,1.2111304711527753,1,1.7463752135432228e-11,1.0370621701172729,False,18479,28367
spatial_sliding,no_camera,23,0,7.783221799844735e-07,1.2156208470746973e-06,2.0672540506821025e-07,5.853604979530818e-08,1,True,430.9001936,0,0,0,0,[],2,2.9210879425069147e-13,4.6440410441032414e-05,False,58925,92141
spatial_sliding,full,23,0,7.493300011534844e-07,1.2374438818992932e-06,2.46239317923281e-07,4.140890249335936e-08,1,True,133.7113587,0,0,0,0,[],2,7.368212151526166e-10,4.531081303331687e-05,False,21927,29207
spatial_sliding,no_temporal,23,0,7.589312077400183e-07,1.242713482124686e-06,2.356308982134144e-07,4.4824092379697065e-08,1,True,357.9851782,0,0,0,0,[],2,1.2532006065333155e-13,4.4713866401417634e-05,False,58740,91722
spatial_sliding,cone_only,23,0,8.105626650939269e-07,1.3775778022960597e-06,2.7902822711159765e-07,3.399096164991102e-08,0,True,77.8161605,0,0,0,0,[],2,6.372656055842056e-10,4.620791760329179e-05,False,13160,16716
spatial_sliding,no_geometry,23,0,7.826726118413692e-07,1.2412389577773677e-06,2.131188915301209e-07,5.425488232144509e-08,1,True,104.4694986,0,0,0,0,[],2,2.329890217453299e-08,4.552559167251084e-05,False,17300,24594
spatial_sliding,legacy_partitions,23,0,6.889154875783679e-07,1.0947546780439208e-06,3.134720037604235e-07,3.541172661126272e-08,2,True,211.6106946,0,0,0,0,[],-2,7.004454904239814e-05,4.416792111643279e-05,False,33156,49408
spatial_sliding,no_camera,37,5e-05,0.4828208611111868,0.39917391180350753,0.27143108407830213,0.17127353972207984,1,True,478.2048594,18,18,0,0,3.6409989039267123,1,2.619315975445595e-10,0.9500134549726549,False,58715,99917
spatial_sliding,full,37,5e-05,0.37485530179010884,0.3968147785579359,0.17546625392948328,0.023640564707195055,1,True,311.9253044,18,18,0,0,2.4963759419528806,1,9.010153304754237e-10,0.9622972967851102,False,38195,61729
spatial_sliding,no_temporal,37,5e-05,1.2246107152711385,1.361722727361596,1.3415822013750656,0.021878210423662114,1,True,165.9294132,18,18,0,0,2.9324411201718577,1,4.936806629498668e-12,0.9561932791554212,False,21536,33104
spatial_sliding,cone_only,37,5e-05,0.40555898055689904,0.46435703453922905,0.1862141280455912,0.023750229289413647,0,True,133.7144246,18,18,0,0,1.6773461988884217,1,1.2542441625208299e-11,0.9625082850095084,False,17371,26171
spatial_sliding,no_geometry,37,5e-05,0.39448293757823255,0.3702702495419766,0.15446391960711933,0.2304093988823578,1,True,173.6262135,18,18,0,0,2.6949371434883305,1,1.3295558423262475e-14,0.9548853070793836,False,22246,33788
spatial_sliding,legacy_partitions,37,5e-05,0.37487293341324107,0.3967713444910182,0.17544530801436453,0.023640298646373147,1,True,161.2637551,18,18,0,0,2.48350046820919,1,1.8428425596108114e-10,0.9622936945090264,False,20360,32182
spatial_sliding,no_camera,37,2.5e-05,0.33313103805455496,0.21037081648264086,0.2429688627628935,0.09774179444077759,1,True,232.9209039,18,18,0,0,1.9501680720739765,1,8.089430314827956e-12,0.9455535126957546,False,30611,49221
spatial_sliding,full,37,2.5e-05,0.30448140437584204,0.3221691710349878,0.2546309557578533,0.018492449641192808,1,True,154.4391371,18,18,0,0,1.380534031018132,1,9.965089246864765e-11,0.9546415893623502,False,19093,29571
spatial_sliding,no_temporal,37,2.5e-05,0.6447341281867882,0.72608160891104,0.7132620882832228,0.018577668684794303,1,True,146.8743397,18,18,0,0,1.5493374057372262,1,5.733578646708793e-13,0.9510466088835258,False,18887,29451
spatial_sliding,cone_only,37,2.5e-05,0.32099295649565934,0.37092867486046605,0.2602832024418764,0.018507723252233425,0,True,116.5563082,18,18,0,0,0.9508699752420563,1,3.396828032430223e-12,0.9547400579289023,False,15028,22118
spatial_sliding,no_geometry,37,2.5e-05,0.2918503334024722,0.2779520973084745,0.21615441064185806,0.11580100370002762,1,True,172.1469273,18,18,0,0,1.4697529831661005,1,3.1581404158487203e-12,0.9526352628666761,False,22651,34461
spatial_sliding,legacy_partitions,37,2.5e-05,0.30447860285037115,0.3221655109654671,0.25462736681937104,0.018492459869220837,1,True,142.2949493,18,18,0,0,1.3805340355094113,1,2.076623701456196e-09,0.9546415553176151,False,21838,34406
spatial_sliding,no_camera,37,0,7.783221799844735e-07,1.2156208470746973e-06,2.0672540506821025e-07,5.853604979530818e-08,1,True,346.0068459,0,0,0,0,[],2,2.9210879425069147e-13,4.6440410441032414e-05,False,58925,92141
spatial_sliding,full,37,0,7.493300011534844e-07,1.2374438818992932e-06,2.46239317923281e-07,4.140890249335936e-08,1,True,130.8530209,0,0,0,0,[],2,7.368212151526166e-10,4.531081303331687e-05,False,21927,29207
spatial_sliding,no_temporal,37,0,7.589312077400183e-07,1.242713482124686e-06,2.356308982134144e-07,4.4824092379697065e-08,1,True,364.7710895,0,0,0,0,[],2,1.2532006065333155e-13,4.4713866401417634e-05,False,58740,91722
spatial_sliding,cone_only,37,0,8.105626650939269e-07,1.3775778022960597e-06,2.7902822711159765e-07,3.399096164991102e-08,0,True,73.2169762,0,0,0,0,[],2,6.372656055842056e-10,4.620791760329179e-05,False,13160,16716
spatial_sliding,no_geometry,37,0,7.826726118413692e-07,1.2412389577773677e-06,2.131188915301209e-07,5.425488232144509e-08,1,True,95.0978312,0,0,0,0,[],2,2.329890217453299e-08,4.552559167251084e-05,False,17300,24594
spatial_sliding,legacy_partitions,37,0,6.889154875783679e-07,1.0947546780439208e-06,3.134720037604235e-07,3.541172661126272e-08,2,True,189.1521599,0,0,0,0,[],-2,7.004454904239814e-05,4.416792111643279e-05,False,33156,49408
